WarNum,WarName,V5RegionNum,WarType,CcodeA,SideA,SideB,Intnl,StartMo1,StartDy1,StartYr1,EndMo1,EndDy1,EndYr1,StartMo2,StartDy2,StartYr2,EndMo2,EndDy2,EndYr2,StartMo3,StartDy3,StartYr3,EndMo3,EndDy3,EndYr3,StartMo4,StartDy4,StartYr4,EndMo4,EndDy4,EndYr4,WDuratDays,WDuratMo,TotNatMonWar,TransFrom,Initiator,Outcome,TransTo,DeathsSideA,DeathsSideB,TotalBDeaths,Version
500,First Caucasus War of 1818-1822,3,5,365,Russia,Caucasus Rebels,0,6,10,1818,11,-9,1822,-8,-8,-8,-8,-8,-8,-8,-8,-8,-8,-8,-8,-8,-8,-8,-8,-8,-8,1596,53.2,53.2,-8,Chechnya,1,-8,5000,6000,11000,5.1
502,First Two Sicilies War of 1820-1821,3,4,329,Two Sicilies,Liberals,1,7,2,1820,3,23,1821,-8,-8,-8,-8,-8,-8,-8,-8,-8,-8,-8,-8,-8,-8,-8,-8,-8,-8,262,8.73,9.03,-8,Liberals,1,-8,-9,-9,2000,5.1
502.1,Ali Pasha Rebellion of 1820-1822,3,5,640,Ottoman Empire,Ali Pasha Loyalists,0,7,-9,1820,1,24,1822,-8,-8,-8,-8,-8,-8,-8,-8,-8,-8,-8,-8,-8,-8,-8,-8,-8,-8,550,18.33,18.33,-8,Ottoman Empire,1,-8,-9,-9,2000,5.1
503,Sardinian Revolt of 1821,3,4,325,Sardinia,Piedmont Liberals,1,3,10,1821,5,8,1821,-8,-8,-8,-8,-8,-8,-8,-8,-8,-8,-8,-8,-8,-8,-8,-8,-8,-8,59,1.97,3.03,-8,Liberals,1,-8,-9,-9,1000,5.1
504,Greek Independence War of 1821-1828,3,5,640,Ottoman Empire,Greeks,1,3,25,1821,4,25,1828,-8,-8,-8,-8,-8,-8,-8,-8,-8,-8,-8,-8,-8,-8,-8,-8,-8,-8,2551,85.03,91.77,-8,Greeks,4,4,50000,15177,65177,5.1
504.3,Sidon-Damascus War of 1821-1822,5,6,-8,Damascus and Aleppo,Sidon,0,5,21,1821,7,30,1822,-8,-8,-8,-8,-8,-8,-8,-8,-8,-8,-8,-8,-8,-8,-8,-8,-8,-8,430,14.33,14.33,-8,Sidon,3,-8,1200,40,1240,5.1
505,Spanish Royalists War of 1821-1823,3,4,230,Spain,Royalists,0,12,4,1821,4,6,1823,-8,-8,-8,-8,-8,-8,-8,-8,-8,-8,-8,-8,-8,-8,-8,-8,-8,-8,483,16.1,16.1,-8,Royalists,4,1,-9,-9,1500,5.1
507,Egypt-Mehdi War of 1824,5,6,-8,Egypt,Mehdi Army,0,3,23,1824,4,14,1824,-8,-8,-8,-8,-8,-8,-8,-8,-8,-8,-8,-8,-8,-8,-8,-8,-8,-8,22,0.73,0.73,-8,Mehdi army,1,-8,-9,-9,4000,5.1
507.5,Greater Chechnya Revolt of 1825-1826,3,5,365,Russia,Chechnya,0,6,25,1825,7,7,1826,-8,-8,-8,-8,-8,-8,-8,-8,-8,-8,-8,-8,-8,-8,-8,-8,-8,-8,372,12.4,12.4,-8,Chechnya,1,-8,-9,-9,1100,5.1
508,Janissari Revolt of 1826,5,4,640,Ottoman Empire, Janissaries,0,6,14,1826,6,17,1826,-8,-8,-8,-8,-8,-8,-8,-8,-8,-8,-8,-8,-8,-8,-8,-8,-8,-8,4,0.13,0.13,-8,Janissaries,1,-8,40,6320,6360,5.1
511,First Murid War of 1830-1832,3,5,365,Russia,Murids,0,2,24,1830,10,17,1832,-8,-8,-8,-8,-8,-8,-8,-8,-8,-8,-8,-8,-8,-8,-8,-8,-8,-8,954,31.8,31.8,-8,Murids,1,-8,3000,2000,5000,5.1
512,First Albanian Revolt of 1830-1832,3,5,640,Ottoman Empire,Albanians and Bosnians,0,6,-9,1830,7,5,1832,-8,-8,-8,-8,-8,-8,-8,-8,-8,-8,-8,-8,-8,-8,-8,-8,-8,-8,741,24.7,24.7,-8,Albanians,1,-8,5000,10000,15000,5.1
513,First French Insurrection of 1830,3,4,220,France,Liberals,0,7,27,1830,7,29,1830,-8,-8,-8,-8,-8,-8,-8,-8,-8,-8,-8,-8,-8,-8,-8,-8,-8,-8,3,0.1,0.1,-8,Liberals,2,-8,200,1800,2000,5.1
515,Belgian Independence War of 1830,3,5,210,Netherlands,Belgium,0,8,25,1830,12,19,1830,-8,-8,-8,-8,-8,-8,-8,-8,-8,-8,-8,-8,-8,-8,-8,-8,-8,-8,115,3.83,3.83,-8,Belgians,2,-8,500,600,1100,5.1
516,Egyptian Taka Expedition of 1831,5,6,-8,Egypt,Hadendowa Tribe,0,-9,-9,1831,-9,-9,1831,-8,-8,-8,-8,-8,-8,-8,-8,-8,-8,-8,-8,-8,-8,-8,-8,-8,-8,91,3.03,6.03,-8,Egypt,2,-8,1500,500,2000,5.1
517,First Polish War of 1831,3,5,365,Russia,Poland,0,2,7,1831,10,18,1831,-8,-8,-8,-8,-8,-8,-8,-8,-8,-8,-8,-8,-8,-8,-8,-8,-8,-8,252,8.4,8.4,-8,Russia,1,-8,15000,20000,35000,5.1
518,First Syrian War of 1831-1832,5,5,640,Ottoman Empire,Egypt,0,10,1,1831,12,27,1832,-8,-8,-8,-8,-8,-8,-8,-8,-8,-8,-8,-8,-8,-8,-8,-8,-8,-8,447,14.9,14.9,-8,Egypt,3,-8,10000,6000,16000,5.1
520,First Mexican War of 1832,1,4,70,Mexico,Liberals,0,1,2,1832,12,23,1832,-8,-8,-8,-8,-8,-8,-8,-8,-8,-8,-8,-8,-8,-8,-8,-8,-8,-8,352,11.73,11.73,-8,Liberals,2,-8,1400,1000,2400,5.1
520.3,Cabanada War of 1832-1835,2,4,140,Brazil,Pernambuco Cabanos,0,4,-9,1832,5,29,1835,-8,-8,-8,-8,-8,-8,-8,-8,-8,-8,-8,-8,-8,-8,-8,-8,-8,-8,1125,37.5,37.5,-8,Cabanos,1,-8,-9,-9,3500,5.1
520.5,Miguelite War of 1832-1834,3,4,235,Portugal,Constitutionalists,1,7,9,1832,5,26,1834,-8,-8,-8,-8,-8,-8,-8,-8,-8,-8,-8,-8,-8,-8,-8,-8,-8,-8,678,22.6,45.2,-8,Constitutionalists,2,-8,12000,8100,20100,5.1
521,Palestinian Anti-Conscription Revolt of 1834,5,6,-8,Egypt,Palestinians and Bedouins,0,5,19,1834,8,-9,1834,-8,-8,-8,-8,-8,-8,-8,-8,-8,-8,-8,-8,-8,-8,-8,-8,-8,-8,87,2.9,2.9,-8,Palestinians,1,-8,2000,2000,4000,5.1
522,First Carlist War of 1834-1840,3,4,230,Spain,Carlists,1,7,10,1834,6,2,1840,-8,-8,-8,-8,-8,-8,-8,-8,-8,-8,-8,-8,-8,-8,-8,-8,-8,-8,2123,70.77,139.13,-8,Carlists,1,-8,70550,60000,130550,5.1
523,Second Murid War of 1834,3,5,365,Russia,Murids,0,8,20,1834,10,27,1834,-8,-8,-8,-8,-8,-8,-8,-8,-8,-8,-8,-8,-8,-8,-8,-8,-8,-8,68,2.27,2.27,-8,Murids,7,-8,-9,-9,1000,5.1
525,Cabanos Revolt of 1835-1837,2,5,140,Brazil,Cabanos,0,1,6,1835,7,12,1837,-8,-8,-8,-8,-8,-8,-8,-8,-8,-8,-8,-8,-8,-8,-8,-8,-8,-8,907,30.23,30.23,-8,Cabanos,1,-8,5500,6500,12000,5.1
525.5,Zacatecas Rebellion of 1835,1,4,70,Mexico,Zacatecas Militia,0,5,11,1835,5,14,1835,-8,-8,-8,-8,-8,-8,-8,-8,-8,-8,-8,-8,-8,-8,-8,-8,-8,-8,4,0.13,0.13,-8,Zacatecas Militia,1,-8,-9,-9,1000,5.1
526,Farroupilha War of 1835-1845,2,5,140,Brazil,Farrapos,0,9,19,1835,3,1,1845,-8,-8,-8,-8,-8,-8,-8,-8,-8,-8,-8,-8,-8,-8,-8,-8,-8,-8,3403,113.43,113.43,-8,Farrapos,1,-8,-9,-9,20000,5.1
527,Texan War of 1835-1836,1,5,70,Mexico,Texas,0,10,2,1835,4,20,1836,-8,-8,-8,-8,-8,-8,-8,-8,-8,-8,-8,-8,-8,-8,-8,-8,-8,-8,199,6.63,6.63,-8,Texas,2,-8,1500,700,2200,5.1
528,First Bosnian War of 1836,3,5,640,Ottoman Empire,Bosnians,0,-9,-9,1836,-9,-9,1836,-8,-8,-8,-8,-8,-8,-8,-8,-8,-8,-8,-8,-8,-8,-8,-8,-8,-8,91,3.03,6.03,-8,Bosnians,1,-8,-9,-9,1000,5.1
530,Third Murid War of 1836-1852,3,5,365,Russia,Murids,0,7,6,1836,4,24,1852,-8,-8,-8,-8,-8,-8,-8,-8,-8,-8,-8,-8,-8,-8,-8,-8,-8,-8,5689,189.63,189.63,-8,Russia,7,-8,20000,-9,-9,5.1
531,Sabinada Rebellion of 1837-1838,2,5,140,Brazil,Bahia Sabinada,0,11,7,1837,3,16,1838,-8,-8,-8,-8,-8,-8,-8,-8,-8,-8,-8,-8,-8,-8,-8,-8,-8,-8,130,4.33,4.33,-8,Bahia Sabinada,1,-8,600,1200,1800,5.1
532,Druze Rebellion of 1837-1838,5,6,-8,Egypt,Druzes,0,9,27,1837,8,22,1838,-8,-8,-8,-8,-8,-8,-8,-8,-8,-8,-8,-8,-8,-8,-8,-8,-8,-8,326,10.87,10.87,-8,Druzes,3,-8,15000,2000,17000,5.1
532.5,Tampico Revolt of 1838-1839,1,4,70,Mexico,Federalists,0,5,-9,1838,6,5,1839,-8,-8,-8,-8,-8,-8,-8,-8,-8,-8,-8,-8,-8,-8,-8,-8,-8,-8,381,12.7,12.7,-8,Federalists,1,-8,900,800,1700,5.1
532.7,Balaiada Revolt of 1838-1841,2,5,140,Brazil,Balaida Rebels,0,12,13,1838,1,19,1841,-8,-8,-8,-8,-8,-8,-8,-8,-8,-8,-8,-8,-8,-8,-8,-8,-8,-8,757,25.23,25.23,-8,Balaida Rebels,1,-8,-9,5000,-9,5.1
533,Second Syrian War of 1839,5,5,640,Ottoman Empire,Egypt,0,6,10,1839,6,28,1839,-8,-8,-8,-8,-8,-8,-8,-8,-8,-8,-8,-8,-8,-8,-8,-8,-8,-8,19,0.63,0.63,-8,Ottoman Empire,2,-8,1500,500,2000,5.1
535,Lebanon Insurgency of 1840,5,6,-8,Egypt,Lebanese Maronites and Druze,0,5,27,1840,7,31,1840,-8,-8,-8,-8,-8,-8,-8,-8,-8,-8,-8,-8,-8,-8,-8,-8,-8,-8,65,2.17,2.17,-8,Lebanese Maronites,1,-8,-9,-9,1000,5.1
536,First Colombian War of 1840-1842,2,4,100,Colombia,Progressives,0,7,15,1840,5,-9,1842,-8,-8,-8,-8,-8,-8,-8,-8,-8,-8,-8,-8,-8,-8,-8,-8,-8,-8,661,22.03,22.03,-8,Progressives,1,-8,-9,-9,7100,5.1
537,Third Syrian War of 1840-1841,5,5,640,Ottoman Empire,Egypt,1,9,9,1840,1,17,1841,-8,-8,-8,-8,-8,-8,-8,-8,-8,-8,-8,-8,-8,-8,-8,-8,-8,-8,129,4.3,8.6,-8,Ottoman Empire,1,-8,-9,-9,15014,5.1
538,First Argentina War phase 2 of 1841-1842,2,4,160,Argentina,Unitarios,0,1,1,1841,12,6,1842,-8,-8,-8,-8,-8,-8,-8,-8,-8,-8,-8,-8,-8,-8,-8,-8,-8,-8,696,23.2,23.2,1527,Unitarios,1,-8,1800,4000,5800,5.1
539,Nish Uprising of 1841,3,5,640,Ottoman Empire,Nish,0,4,6,1841,4,27,1841,-8,-8,-8,-8,-8,-8,-8,-8,-8,-8,-8,-8,-8,-8,-8,-8,-8,-8,22,0.73,0.73,-8,Nish,1,-8,-9,-9,1000,5.1
540,Second Bosnian War of 1841,3,5,640,Ottoman Empire,Bosnians,0,-9,-9,1841,-9,-9,1841,-8,-8,-8,-8,-8,-8,-8,-8,-8,-8,-8,-8,-8,-8,-8,-8,-8,-8,91,3.03,6.03,-8,Bosnians,1,-8,-9,-9,1000,5.1
541,Triangular Revolt of 1841,1,4,70,Mexico,Military Rebels,0,8,31,1841,10,6,1841,-8,-8,-8,-8,-8,-8,-8,-8,-8,-8,-8,-8,-8,-8,-8,-8,-8,-8,37,1.23,1.23,-8,Military Rebels,2,-8,700,500,1200,5.1
541.2,First Maronite-Druze War of 1841,5,7,-8,Maronites,Druzes,0,10,13,1841,11,19,1841,-8,-8,-8,-8,-8,-8,-8,-8,-8,-8,-8,-8,-8,-8,-8,-8,-8,-8,37,1.23,1.23,-8,Druzes,2,-8,390,973,1363,5.1
542,Karbala Revolt of 1842-1843,5,5,640,Ottoman Empire,Karbala Gangs,0,12,19,1842,1,13,1843,-8,-8,-8,-8,-8,-8,-8,-8,-8,-8,-8,-8,-8,-8,-8,-8,-8,-8,25,0.83,0.83,-8,Ottoman Empire,1,-8,400,3600,4000,5.1
543,Second Maronite-Druze War of 1845,5,7,-8,Maronites,Druzes,0,4,30,1845,5,31,1845,-8,-8,-8,-8,-8,-8,-8,-8,-8,-8,-8,-8,-8,-8,-8,-8,-8,-8,31,1.03,1.03,-8,Maronites,2,-8,700,350,1050,5.1
544,Patuleia War of 1846-1847,3,4,235,Portugal,Septembrists,1,10,6,1846,6,29,1847,-8,-8,-8,-8,-8,-8,-8,-8,-8,-8,-8,-8,-8,-8,-8,-8,-8,-8,264,8.8,10.3,-8,Septembrists,1,-8,-9,-9,1000,5.1
545,Mayan Caste War phase 1 of 1847-1848,1,6,-8,Yucatan,Mayans,0,1,15,1847,8,16,1848,-8,-8,-8,-8,-8,-8,-8,-8,-8,-8,-8,-8,-8,-8,-8,-8,-8,-8,572,19.07,19.07,-8,Mayans,4,553,2800,1500,4300,5.1
546,Second Carlist War of 1847-1849,3,4,230,Spain,Carlists,0,5,17,1847,4,30,1849,-8,-8,-8,-8,-8,-8,-8,-8,-8,-8,-8,-8,-8,-8,-8,-8,-8,-8,704,23.47,23.47,-8,Carlists,1,-8,3000,7000,10000,5.1
547,Second Two Sicilies War of 1848-1849,3,4,329,Two Sicilies,Liberals,0,1,12,1848,1,29,1848,8,15,1848,5,15,1849,-8,-8,-8,-8,-8,-8,-8,-8,-8,-8,-8,-8,289,9.63,9.63,-8,Liberals,1,-8,1500,-9,-9,5.1
548, First Venezuela War of 1848-1849,2,4,101,Venezuela,Paez-led Rebels,0,2,4,1848,8,15,1849,-8,-8,-8,-8,-8,-8,-8,-8,-8,-8,-8,-8,-8,-8,-8,-8,-8,-8,552,18.4,18.4,-8,Paez-led Rebels,1,-8,1500,500,2000,5.1
549,Second French Insurrection of 1848,3,4,220,France,Republicans,0,2,22,1848,2,24,1848,4,26,1848,6,26,1848,-8,-8,-8,-8,-8,-8,-8,-8,-8,-8,-8,-8,64,2.13,2.1,-8,Republicans,1,-8,1100,3000,4100,5.1
550,Viennese Revolt of 1848,3,4,300,Austria,Vienna Liberals,0,3,13,1848,3,15,1848,10,6,1848,10,31,1848,-8,-8,-8,-8,-8,-8,-8,-8,-8,-8,-8,-8,29,0.97,0.93,-8,Vienna Liberals,1,-8,241,3000,3241,5.1
551,Milan Five Day Revolt of 1848,3,5,300,Austria,Milan Liberals,0,3,18,1848,3,23,1848,-8,-8,-8,-8,-8,-8,-8,-8,-8,-8,-8,-8,-8,-8,-8,-8,-8,-8,6,0.2,0.17,-8,Milan Liberals,4,10,600,430,1030,5.1
553,Mayan Caste War phase 2 of 1848-1855,1,5,70,Mexico,Mayans,0,8,17,1848,3,4,1855,-8,-8,-8,-8,-8,-8,-8,-8,-8,-8,-8,-8,-8,-8,-8,-8,-8,-8,2358,78.6,78.6,545,Mexico,1,-8,-9,-9,105000,5.1
554,Hungarian War of 1848-1849,3,5,300,Austria,Hungary,1,9,11,1848,8,11,1849,-8,-8,-8,-8,-8,-8,-8,-8,-8,-8,-8,-8,-8,-8,-8,-8,-8,-8,331,11.03,12.87,-8,Croatia,1,-8,59600,45000,104600,5.1
554.3,Third Bosnian War of 1850-1851,3,5,640,Ottoman Empire,Bosnian and Montenegrin Beys,0,8,-9,1850,4,-9,1851,-8,-8,-8,-8,-8,-8,-8,-8,-8,-8,-8,-8,-8,-8,-8,-8,-8,-8,241,8.03,8.03,-8,Ottoman Empire,1,-8,-9,-9,4000,5.1
554.5,Aleppo Revolt of 1850,5,5,640,Ottoman Empire,Aleppo,0,10,17,1850,11,10,1850,-8,-8,-8,-8,-8,-8,-8,-8,-8,-8,-8,-8,-8,-8,-8,-8,-8,-8,24,0.8,0.8,-8,Aleppo,1,-8,-9,-9,1000,5.1
555,First Chilean War of 1851-1852,2,4,155,Chile,Liberals,0,9,5,1851,1,8,1852,-8,-8,-8,-8,-8,-8,-8,-8,-8,-8,-8,-8,-8,-8,-8,-8,-8,-8,124,4.13,4.13,-8,Liberals,1,-8,1500,2500,4000,5.1
555.8,Druze Rebellion of 1852,5,5,640,Ottoman Empire,Druze Alliance,0,9,14,1852,11,1,1852,-8,-8,-8,-8,-8,-8,-8,-8,-8,-8,-8,-8,-8,-8,-8,-8,-8,-8,48,1.6,1.6,-8,Ottoman Empire,2,-8,-9,-9,1000,5.1
556,First Turco-Montenegrin War of 1852-1853,3,5,640,Ottoman Empire,Montenegro and Hercegovina,0,9,-9,1852,3,9,1853,-8,-8,-8,-8,-8,-8,-8,-8,-8,-8,-8,-8,-8,-8,-8,-8,-8,-8,175,5.83,5.83,-8,Montenegro,3,-8,4500,2000,6500,5.1
557,Peruvian Liberal Revolution of 1853-1855,2,4,135,Peru,Liberals,0,10,21,1853,1,7,1855,-8,-8,-8,-8,-8,-8,-8,-8,-8,-8,-8,-8,-8,-8,-8,-8,-8,-8,437,14.57,14.57,-8,Liberals,2,-8,-9,-9,4000,5.1
557.1,Epirus Revolt of 1854,3,5,640,Ottoman Empire,Greek Nationalists,0,1,30,1854,5,2,1854,-8,-8,-8,-8,-8,-8,-8,-8,-8,-8,-8,-8,-8,-8,-8,-8,-8,-8,93,3.1,3.1,-8,Greek Nationalists,1,-8,-9,-9,1000,5.1
557.2,Greek Nationalists of Macedonia War of 1854,3,5,640,Ottoman Empire,Greek Nationalists in Macedonia,0,2,-9,1854,6,-9,1854,-8,-8,-8,-8,-8,-8,-8,-8,-8,-8,-8,-8,-8,-8,-8,-8,-8,-8,121,4.03,4.03,-8,Greek Nationalists in Macedonia,1,-8,-9,-9,1000,5.1
557.3,Colombia's Barracks Rebellion of 1854 ,2,4,100,Colombia,Constitutionalists,0,4,19,1854,12,4,1854,-8,-8,-8,-8,-8,-8,-8,-8,-8,-8,-8,-8,-8,-8,-8,-8,-8,-8,226,7.53,7.53,-8,Constitutionalists,2,-8,1400,600,2000,5.1
557.8,Barquisimeto Rebellion of 1854,2,4,101,Venezuela,Rodriguez-led Rebels,0,7,12,1854,8,15,1854,-8,-8,-8,-8,-8,-8,-8,-8,-8,-8,-8,-8,-8,-8,-8,-8,-8,-8,34,1.13,1.13,-8,Rodriguez-led Rebels,1,-8,100,1000,1100,5.1
557.9,Libyan Insurrection of 1855-1856,5,5,640,Ottoman Empire,Libyan Rebels,0,6,-9,1855,1,-9,1856,-8,-8,-8,-8,-8,-8,-8,-8,-8,-8,-8,-8,-8,-8,-8,-8,-8,-8,211,7.03,7.03,-8,Libyan Rebels,1,-8,1400,500,1900,5.1
558,Puebla War of 1855-1856,1,4,70,Mexico,Conservative Military,0,12,11,1855,3,21,1856,-8,-8,-8,-8,-8,-8,-8,-8,-8,-8,-8,-8,-8,-8,-8,-8,-8,-8,101,3.37,3.37,-8,Conservative Military,1,-8,200,1000,1200,5.1
560,Second Peru War of 1856-1858,2,4,135,Peru,Conservatives,0,10,31,1856,3,7,1858,-8,-8,-8,-8,-8,-8,-8,-8,-8,-8,-8,-8,-8,-8,-8,-8,-8,-8,488,16.27,16.27,-8,Conservatives,1,-8,1000,2000,3000,5.1
561,Mexican Reform of 1858-1861,1,4,70,Mexico,Liberals ,0,2,14,1858,1,1,1861,-8,-8,-8,-8,-8,-8,-8,-8,-8,-8,-8,-8,-8,-8,-8,-8,-8,-8,1038,34.6,34.6,-8,Liberals,2,-8,-9,-9,8000,5.1
562,Second Turco-Montenegrin War of 1858,3,5,640,Ottoman Empire,Montenegro,0,5,4,1858,5,14,1858,-8,-8,-8,-8,-8,-8,-8,-8,-8,-8,-8,-8,-8,-8,-8,-8,-8,-8,11,0.37,0.37,-8,Ottoman Empire,2,-8,3000,400,3400,5.1
562.5,Constituent Revolution  of 1859,2,4,155,Chile,Constituents,0,1,5,1859,5,12,1859,-8,-8,-8,-8,-8,-8,-8,-8,-8,-8,-8,-8,-8,-8,-8,-8,-8,-8,128,4.27,4.27,-8,Constituents,1,-8,-9,-9,2000,5.1
563,Venezuelan Federal War of 1859-1863,2,4,101,Venezuela,Liberals,0,2,20,1859,5,23,1863,-8,-8,-8,-8,-8,-8,-8,-8,-8,-8,-8,-8,-8,-8,-8,-8,-8,-8,1534,51.13,51.13,-8,Liberals,2,-8,30000,10000,40000,5.1
565,Third Colombian War of 1860-1862,2,4,100,Colombia,Liberals,0,2,22,1860,10,13,1862,-8,-8,-8,-8,-8,-8,-8,-8,-8,-8,-8,-8,-8,-8,-8,-8,-8,-8,952,31.73,31.73,-8,Liberals,2,-8,-9,-9,4000,5.1
566,Third Maronite-Druze War of 1860,5,7,-8,Maronites,Druzes,0,5,26,1860,7,12,1860,-8,-8,-8,-8,-8,-8,-8,-8,-8,-8,-8,-8,-8,-8,-8,-8,-8,-8,47,1.57,1.57,-8,Maronites,2,-8,2000,1000,3000,5.1
567,Taiping Rebellion phase 2 of 1860-1866,6,4,710,China,Taipings,1,10,25,1860,2,9,1866,-8,-8,-8,-8,-8,-8,-8,-8,-8,-8,-8,-8,-8,-8,-8,-8,-8,-8,1905,63.5,84.97,1534,Taipings,1,-8,-9,-9,250025,5.1
568,Second Nien Revolt  of 1860-1868,6,5,710,China,Nien Society,0,10,25,1860,8,16,1868,-8,-8,-8,-8,-8,-8,-8,-8,-8,-8,-8,-8,-8,-8,-8,-8,-8,-8,2812,93.73,93.73,-8,Niens,1,-8,-9,-9,75000,5.1
570,Miao Rebellion phase 2 of 1860-1872,6,5,710,China,Miao,0,10,25,1860,11,-9,1872,-8,-8,-8,-8,-8,-8,-8,-8,-8,-8,-8,-8,-8,-8,-8,-8,-8,-8,4341,144.7,144.7,1538,Miao,1,-8,-9,-9,100000,5.1
571,Panthay Rebellion phase 2 of 1860-1874,6,5,710,China,Hui Rebels,0,10,25,1860,5,4,1874,-8,-8,-8,-8,-8,-8,-8,-8,-8,-8,-8,-8,-8,-8,-8,-8,-8,-8,4870,162.33,162.33,1541,Hui Rebels,1,-8,-9,-9,75000,5.1
572,U.S. Civil War of 1861-1865,1,5,2,United States of America,Confederate States of America,0,4,12,1861,5,11,1865,-8,-8,-8,-8,-8,-8,-8,-8,-8,-8,-8,-8,-8,-8,-8,-8,-8,-8,1470,49,49,-8,Confederate States of America,1,-8,360000,258000,618000,5.1
573,Third Buenos Aires War of 1861-1862,2,4,160,Argentina,Buenos Aires,0,8,20,1861,3,21,1862,-8,-8,-8,-8,-8,-8,-8,-8,-8,-8,-8,-8,-8,-8,-8,-8,-8,-8,212,7.07,7.07,-8,Buenos Aires,2,-8,-9,-9,1000,5.1
575,Third Turco-Montenegrin War of 1861-1862,3,5,640,Ottoman Empire,Montenegro and Hercegovina,0,9,16,1861,8,31,1862,-8,-8,-8,-8,-8,-8,-8,-8,-8,-8,-8,-8,-8,-8,-8,-8,-8,-8,346,11.53,11.53,-8,Ottoman Empire,3,-8,5000,2000,7000,5.1
576,Tungan Rebellion of 1862-1873,6,5,710,China,Shaanxi and Gansu Muslims,0,6,9,1862,12,12,1873,-8,-8,-8,-8,-8,-8,-8,-8,-8,-8,-8,-8,-8,-8,-8,-8,-8,-8,4144,138.13,138.13,-8,Shaanxi and Gansu Muslims,1,-8,-9,-9,200000,5.1
577,Minnesota-Sioux War of 1862,1,6,-8,Minnesota,Santee Sioux,0,8,17,1862,9,29,1862,-8,-8,-8,-8,-8,-8,-8,-8,-8,-8,-8,-8,-8,-8,-8,-8,-8,-8,43,1.43,1.43,-8,Santee Sioux,1,-8,608,513,1121,5.1
578,Bolivan Perez Rebellion of 1862,2,4,145,Bolivia,Perez-led Rebels,0,9,3,1862,10,16,1862,-8,-8,-8,-8,-8,-8,-8,-8,-8,-8,-8,-8,-8,-8,-8,-8,-8,-8,44,1.47,1.47,-8,Perez-led Rebels,1,-8,-9,-9,1500,5.1
579,Second Polish War of 1863-1864,3,5,365,Russia,Polish nationalists,0,1,22,1863,4,19,1864,-8,-8,-8,-8,-8,-8,-8,-8,-8,-8,-8,-8,-8,-8,-8,-8,-8,-8,448,14.93,14.93,-8,Polish nationalists,1,-8,5000,6500,11500,5.1
580,Second Argentina War of 1863,2,4,160,Argentina,Monteneros,0,3,31,1863,11,12,1863,-8,-8,-8,-8,-8,-8,-8,-8,-8,-8,-8,-8,-8,-8,-8,-8,-8,-8,223,7.43,7.43,-8,Montoneros,1,-8,-9,-9,2500,5.1
580.5,Bandit War of 1863,3,5,325,Italy,Sicilian Bandits,0,5,-9,1863,12,31,1863,-8,-8,-8,-8,-8,-8,-8,-8,-8,-8,-8,-8,-8,-8,-8,-8,-8,-8,227,7.57,7.57,-8,Italy,7,-8,2413,6587,9000,5.1
581,Sahil Revolt of 1864-1865,5,5,616,Tunisia,Ghadam-led Rebels,0,3,-9,1864,2,-9,1865,-8,-8,-8,-8,-8,-8,-8,-8,-8,-8,-8,-8,-8,-8,-8,-8,-8,-8,331,11.03,11.03,-8,Ghadam-led Rebels,1,-8,-9,-9,2000,5.1
582,Xinjiang Muslim Revolt of 1864-1866,6,5,710,China,Xinjiang Muslims,0,6,4,1864,4,11,1866,-8,-8,-8,-8,-8,-8,-8,-8,-8,-8,-8,-8,-8,-8,-8,-8,-8,-8,668,22.27,22.27,-8,Xinjiang Muslims,2,-8,-9,-9,10000,5.1
582.3,Kanto Insurrection of 1864-1865,6,4,740,Japan,Mito Rebels,0,7,10,1864,1,23,1865,-8,-8,-8,-8,-8,-8,-8,-8,-8,-8,-8,-8,-8,-8,-8,-8,-8,-8,194,6.47,6.47,-8,Mito Rebels,1,-8,1000,1300,2300,5.1
582.5,Constitutionalist Rebellion of 1865-1866,2,4,145,Bolivia,Constitutionalists,0,1,24,1865,1,24,1866,-8,-8,-8,-8,-8,-8,-8,-8,-8,-8,-8,-8,-8,-8,-8,-8,-8,-8,361,12.03,12.03,-8,Constitutionalists,1,-8,-9,-9,1720,5.1
583,First Cretan War of 1866-1868,3,5,640,Ottoman Empire,Cretans,0,8,28,1866,12,30,1868,-8,-8,-8,-8,-8,-8,-8,-8,-8,-8,-8,-8,-8,-8,-8,-8,-8,-8,843,28.1,28.1,-8,Cretans,1,-8,-9,-9,30000,5.1
585,Yellow Cliff Revolt of 1866,6,5,710,China,Zhang Jizhong-led Rebels,0,10,-9,1866,10,-9,1866,-8,-8,-8,-8,-8,-8,-8,-8,-8,-8,-8,-8,-8,-8,-8,-8,-8,-8,15,0.5,0.53,-8,Zhang Jizhong-led Rebels,1,-8,-9,-9,2000,5.1
586,Third Argentina War of 1866-1867,2,4,160,Argentina,Monteneros,0,11,9,1866,10,15,1867,-8,-8,-8,-8,-8,-8,-8,-8,-8,-8,-8,-8,-8,-8,-8,-8,-8,-8,337,11.23,11.23,-8,Montoneros,1,-8,-9,-9,2500,5.1
586.5,Kashgar-Khotan War of 1867,6,7,-8,Kashgar,Khotanese,0,1,-9,1867,2,-9,1867,-8,-8,-8,-8,-8,-8,-8,-8,-8,-8,-8,-8,-8,-8,-8,-8,-8,-8,31,1.03,1.03,-8,Kashgar,1,-8,-9,-9,2000,5.1
587,Queretaro War of 1867,1,4,70,Mexico,Liberals,0,2,6,1867,6,21,1867,-8,-8,-8,-8,-8,-8,-8,-8,-8,-8,-8,-8,-8,-8,-8,-8,-8,-8,136,4.53,4.53,40,Liberals,2,-8,1800,1000,2800,5.1
587.8,Venezualan Blue Revolution of 1867-1868,2,4,101,Venezuela,Blue Coalition,0,12,24,1867,8,14,1868,-8,-8,-8,-8,-8,-8,-8,-8,-8,-8,-8,-8,-8,-8,-8,-8,-8,-8,231,7.7,7.7,-8,Blue Coalition,2,-8,-9,-9,1000,5.1
588,Meiji Restoration of 1868-1869,6,4,740,Japan,Tokugawa Bafuku,0,1,27,1868,6,27,1869,-8,-8,-8,-8,-8,-8,-8,-8,-8,-8,-8,-8,-8,-8,-8,-8,-8,-8,511,17.03,17.03,-8,Japan,1,-8,3600,5400,9000,5.1
591,Spainish Liberals War of 1868,3,4,230,Spain,Liberals,0,9,18,1868,9,29,1868,-8,-8,-8,-8,-8,-8,-8,-8,-8,-8,-8,-8,-8,-8,-8,-8,-8,-8,12,0.4,0.37,-8,Liberals,2,-8,800,800,1600,5.1
592,Guerre des Cacos of 1868-1869,1,4,41,Haiti,Cacos,0,11,19,1868,12,18,1869,-8,-8,-8,-8,-8,-8,-8,-8,-8,-8,-8,-8,-8,-8,-8,-8,-8,-8,391,13.03,13,-8,Cacos,2,-8,-9,-9,1100,5.1
592.5,Venezuelan Yellow Revolution of 1869-1872,2,4,101,Venezuela,Liberals,0,8,18,1869,5,10,1872,-8,-8,-8,-8,-8,-8,-8,-8,-8,-8,-8,-8,-8,-8,-8,-8,-8,-8,983,32.77,32.73,-8,Liberals,2,-8,-9,-9,2500,5.1
592.7,First Kashgarian - Tungan War of 1870,6,7,-8,Kashgarians,Urumchi Tungans,0,1,-9,1870,11,-9,1870,-8,-8,-8,-8,-8,-8,-8,-8,-8,-8,-8,-8,-8,-8,-8,-8,-8,-8,301,10.03,10.03,-8,Urumchi Tungans,1,-8,-9,-9,1000,5.1
593, First Entre Rios War of 1870-1871,2,5,160,Argentina,Entre Rios,0,5,20,1870,3,13,1871,-8,-8,-8,-8,-8,-8,-8,-8,-8,-8,-8,-8,-8,-8,-8,-8,-8,-8,294,9.8,9.8,-8,Argentina,1,8,200,1300,1500,5.1
595,Bolivia-Criollos War of 1870-1871,2,4,145,Bolivia,Criollos,0,11,3,1870,1,19,1871,-8,-8,-8,-8,-8,-8,-8,-8,-8,-8,-8,-8,-8,-8,-8,-8,-8,-8,77,2.57,2.57,-8,Crillos,2,-8,-9,-9,1500,5.1
596,Paris Commune War of 1871,3,4,220,France,Paris Commune,0,3,18,1871,5,29,1871,-8,-8,-8,-8,-8,-8,-8,-8,-8,-8,-8,-8,-8,-8,-8,-8,-8,-8,72,2.4,2.4,-8,Communards,1,-8,879,20500,21379,5.1
596.7,Second Kashgarian - Tungan War of 1871-1872,6,7,-8,Kashgarians,Urumchi Tungans,0,12,-9,1871,8,-9,1872,-8,-8,-8,-8,-8,-8,-8,-8,-8,-8,-8,-8,-8,-8,-8,-8,-8,-8,241,8.03,8.03,-8,Urumchi Tungans,1,-8,-9,-9,1000,5.1
597,Third Carlist War of 1872-1876,3,4,230,Spain,Carlists,0,4,21,1872,2,28,1876,-8,-8,-8,-8,-8,-8,-8,-8,-8,-8,-8,-8,-8,-8,-8,-8,-8,-8,1388,46.27,46.27,-8,Carlists,1,-8,7000,43000,50000,5.1
597.5,Second Entre Rios War of 1873,2,5,160,Argentina,Entre Rios,0,5,9,1873,12,31,1873,-8,-8,-8,-8,-8,-8,-8,-8,-8,-8,-8,-8,-8,-8,-8,-8,-8,-8,233,7.77,7.77,-8,Argentina,1,-8,500,1500,2000,5.1
598,Catonalist Uprising of 1873-1874,3,5,230,Spain,Cantons,0,7,19,1873,1,13,1874,-8,-8,-8,-8,-8,-8,-8,-8,-8,-8,-8,-8,-8,-8,-8,-8,-8,-8,175,5.83,5.83,-8,Spain,1,-8,-9,-9,2000,5.1
600,Mitre Rebellion of 1874,2,4,160,Argentina,Mitre-led Rebels,0,9,24,1874,12,7,1874,-8,-8,-8,-8,-8,-8,-8,-8,-8,-8,-8,-8,-8,-8,-8,-8,-8,-8,74,2.47,2.47,-8,Mitre led Rebels,1,-8,-9,-9,1000,5.1
601,Bosnia and Bulgaria Revolt of 1875-1876,3,5,640,Ottoman Empire,Bosnia-Herzegovina and Bulgaria,0,6,30,1875,6,29,1876,-8,-8,-8,-8,-8,-8,-8,-8,-8,-8,-8,-8,-8,-8,-8,-8,-8,-8,360,12,12,-8,Bosnia-Herzegovina,4,373,10000,13000,23000,5.1
602,Diaz Revolt of 1876,1,4,70,Mexico,Tuxtepecanos,0,1,15,1876,11,23,1876,-8,-8,-8,-8,-8,-8,-8,-8,-8,-8,-8,-8,-8,-8,-8,-8,-8,-8,309,10.3,10.3,-8,Tuxtepecanos,2,-8,1900,1200,3100,5.1
603,Defeat of Xinjiang Muslims of 1876-1878,6,5,710,China,Xinjiang Muslims,0,4,-9,1876,1,2,1878,-8,-8,-8,-8,-8,-8,-8,-8,-8,-8,-8,-8,-8,-8,-8,-8,-8,-8,618,20.6,20.6,-8,China,1,-8,-9,-9,4000,5.1
605,Fourth Colombian War of 1876-1877,2,4,100,Colombia,Conservatives,0,7,12,1876,4,6,1877,-8,-8,-8,-8,-8,-8,-8,-8,-8,-8,-8,-8,-8,-8,-8,-8,-8,-8,265,8.83,8.83,-8,Conservatives,1,-8,2430,2070,4500,5.1
606,Ecuador's Veintemilla Revolt of 1876,2,4,130,Ecuador,Liberals,0,9,8,1876,12,26,1876,-8,-8,-8,-8,-8,-8,-8,-8,-8,-8,-8,-8,-8,-8,-8,-8,-8,-8,109,3.63,3.63,-8,Liberals,2,-8,-9,-9,1000,5.1
607,Satsuma Rebellion of 1877,6,4,740,Japan,Satsumas,0,1,29,1877,9,24,1877,-8,-8,-8,-8,-8,-8,-8,-8,-8,-8,-8,-8,-8,-8,-8,-8,-8,-8,236,7.87,7.87,-8,Japan,1,-8,6399,7000,13399,5.1
608,Argentine Indians War of 1878-1879,2,5,160,Argentina,Indians,0,12,6,1878,7,8,1879,-8,-8,-8,-8,-8,-8,-8,-8,-8,-8,-8,-8,-8,-8,-8,-8,-8,-8,213,7.1,7.1,-8,Argentina,1,-8,200,1500,1700,5.1
609,Revindication War of 1879,2,4,101,Venezuela,Revindacadores,0,1,3,1879,2,13,1879,-8,-8,-8,-8,-8,-8,-8,-8,-8,-8,-8,-8,-8,-8,-8,-8,-8,-8,41,1.37,1.37,-8,Revindacadores,2,-8,-9,-9,2000,5.1
610,Fourth Buenos Aires War of 1880,2,5,160,Argentina,Buenos Aires,0,6,12,1880,6,22,1880,-8,-8,-8,-8,-8,-8,-8,-8,-8,-8,-8,-8,-8,-8,-8,-8,-8,-8,11,0.37,0.37,-8,Buenos Aires,1,-8,550,825,1375,5.1
610.5,Mahdist Rebellion phase 1 of 1881-1882,5,5,651,Egypt,Mahdists,0,8,12,1881,9,14,1882,-8,-8,-8,-8,-8,-8,-8,-8,-8,-8,-8,-8,-8,-8,-8,-8,-8,-8,393,13.1,13.1,-8,Mahdists,4,384,3500,6500,10000,5.1
611,Haitian Civil War of 1883-1884,1,4,41,Haiti,Liberals,0,3,27,1883,1,8,1884,-8,-8,-8,-8,-8,-8,-8,-8,-8,-8,-8,-8,-8,-8,-8,-8,-8,-8,282,9.4,9.4,-8,Liberals,1,-8,2400,400,2800,5.1
612,Fifth Colombian War of 1884-1885,2,4,100,Colombia,War Liberals,0,9,24,1884,8,26,1885,-8,-8,-8,-8,-8,-8,-8,-8,-8,-8,-8,-8,-8,-8,-8,-8,-8,-8,333,11.1,11.1,-8,War Liberals,1,-8,330,820,1150,5.1
613,Peru's National Problem of 1885,2,5,135,Peru,Huarez Indians,0,3,2,1885,5,11,1885,-8,-8,-8,-8,-8,-8,-8,-8,-8,-8,-8,-8,-8,-8,-8,-8,-8,-8,70,2.33,2.33,-8,Huarez Indians,1,-8,200,2000,2200,5.1
616,First Yemeni Imamate  Rebellion of 1890-1892,5,5,640,Ottoman Empire,Yemen,0,-9,-9,1890,9,-9,1892,-8,-8,-8,-8,-8,-8,-8,-8,-8,-8,-8,-8,-8,-8,-8,-8,-8,-8,811,27.03,27.03,-8,Yemen,1,-8,-9,-9,5000,5.1
616.5,Campos Mutiny of 1890,2,4,160,Argentina,Campos-led Rebels,0,7,26,1890,7,29,1890,-8,-8,-8,-8,-8,-8,-8,-8,-8,-8,-8,-8,-8,-8,-8,-8,-8,-8,4,0.13,0.13,-8,Campos-led Rebels,1,-8,-9,-9,1000,5.1
617,Chilean Congressist War of 1891,2,4,155,Chile,Congressists,0,1,7,1891,8,29,1891,-8,-8,-8,-8,-8,-8,-8,-8,-8,-8,-8,-8,-8,-8,-8,-8,-8,-8,233,7.77,7.77,-8,Congressists,2,-8,-9,-9,5500,5.1
618,Zaili-Jinden Revolt of 1891,6,4,710,China,Zailis and Jinden,0,11,11,1891,12,16,1891,-8,-8,-8,-8,-8,-8,-8,-8,-8,-8,-8,-8,-8,-8,-8,-8,-8,-8,36,1.2,1.2,-8,Jinden,1,-8,500,10000,10500,5.1
619,Venezuela's Legalist Revolution of 1892 ,2,4,101,Venezuela,Legalists,0,3,11,1892,10,6,1892,-8,-8,-8,-8,-8,-8,-8,-8,-8,-8,-8,-8,-8,-8,-8,-8,-8,-8,206,6.87,6.87,-8,Legalists,2,-8,-9,-9,4000,5.1
620,Brazil Federalists War of 1893-1894,2,4,140,Brazil,Rio Grande do Sul,0,2,2,1893,8,31,1894,-8,-8,-8,-8,-8,-8,-8,-8,-8,-8,-8,-8,-8,-8,-8,-8,-8,-8,570,19,19,-8,Rio Grande do Sul,1,-8,-9,-9,3000,5.1
621,Brazil Naval War of 1893-1894,2,4,140,Brazil,Naval Royalists,0,9,6,1893,4,16,1894,-8,-8,-8,-8,-8,-8,-8,-8,-8,-8,-8,-8,-8,-8,-8,-8,-8,-8,221,7.37,7.37,-8,Naval Royalists,1,-8,-9,-9,1000,5.1
623,Tonghak Rebellion phase 1 of 1894,6,5,730,Korea,Tonghak Society,1,3,23,1894,6,10,1894,-8,-8,-8,-8,-8,-8,-8,-8,-8,-8,-8,-8,-8,-8,-8,-8,-8,-8,78,2.6,2.7,-8,Tonghak,3,-8,500,500,1000,5.1
625,Third Peru War of 1894-1895,2,4,135,Peru,National Coalition,0,10,24,1894,3,19,1895,-8,-8,-8,-8,-8,-8,-8,-8,-8,-8,-8,-8,-8,-8,-8,-8,-8,-8,146,4.87,4.87,-8,National Coalition,2,-8,-9,-9,4000,5.1
626,Sixth Colombian War of 1895,2,4,100,Colombia,War Liberals,0,1,22,1895,3,8,1895,-8,-8,-8,-8,-8,-8,-8,-8,-8,-8,-8,-8,-8,-8,-8,-8,-8,-8,47,1.57,1.57,-8,War Liberals,1,-8,-9,-9,1125,5.1
627,Ecuador Liberals War of 1895,2,4,130,Ecuador,Liberals,0,2,12,1895,9,22,1895,-8,-8,-8,-8,-8,-8,-8,-8,-8,-8,-8,-8,-8,-8,-8,-8,-8,-8,221,7.37,7.37,-8,Liberals,2,-8,-9,-9,1000,5.1
628,First Gansu Muslim War of 1895-1896,6,5,710,China,Gansu Muslims,0,4,2,1895,4,-9,1896,-8,-8,-8,-8,-8,-8,-8,-8,-8,-8,-8,-8,-8,-8,-8,-8,-8,-8,374,12.47,12.47,-8,Gansu Muslims,1,-8,-9,-9,10000,5.1
630,Druze Rebellion of 1895-1896,5,5,640,Ottoman Empire,Druzes,0,10,15,1895,3,-9,1896,6,-9,1896,10,-9,1896,-8,-8,-8,-8,-8,-8,-8,-8,-8,-8,-8,-8,272,9.07,9.07,-8,Ottoman Empire,1,-8,6000,4000,10000,5.1
630.2,Armenian Hunchak Uprising of 1895-1896,5,5,640,Ottoman Empire,Hunchaks,0,10,24,1895,2,2,1896,-8,-8,-8,-8,-8,-8,-8,-8,-8,-8,-8,-8,-8,-8,-8,-8,-8,-8,99,3.3,3.3,-8,Ottoman Empire,3,-8,4500,500,5000,5.1
631,Second Cretan War of 1896-1897,3,5,640,Ottoman Empire,Cretans,0,3,10,1896,2,14,1897,-8,-8,-8,-8,-8,-8,-8,-8,-8,-8,-8,-8,-8,-8,-8,-8,-8,-8,335,11.17,11.17,-8,Cretans,4,76,-9,-9,1000,5.1
631.5,Ecuadorian Conservative Revolt of 1896,2,4,130,Ecuador,Conservatives,0,6,1,1896,8,28,1896,-8,-8,-8,-8,-8,-8,-8,-8,-8,-8,-8,-8,-8,-8,-8,-8,-8,-8,88,2.93,2.93,-8,Conservatives,1,-8,-9,-9,1500,5.1
632,Canudos Revolt of 1896-1897,2,5,140,Brazil,Conselhistas,0,10,1,1896,10,5,1897,-8,-8,-8,-8,-8,-8,-8,-8,-8,-8,-8,-8,-8,-8,-8,-8,-8,-8,365,12.17,12.17,-8,Brazil,1,-8,5000,10000,15000,5.1
632.3,Revolución de Queipa of 1898,2,4,101,Venezuela,Hernandez-led Rebels,0,3,17,1898,7,14,1898,-8,-8,-8,-8,-8,-8,-8,-8,-8,-8,-8,-8,-8,-8,-8,-8,-8,-8,118,3.93,3.93,-8,Hernandez-led Rebels,1,-8,-9,-9,1800,5.1
632.6,Second Yemeni Imamate Rebellion of 1898-1899,5,5,640,Ottoman Empire,Muhammad al-Mansur Loyalists,0,4,-9,1898,6,-9,1899,-8,-8,-8,-8,-8,-8,-8,-8,-8,-8,-8,-8,-8,-8,-8,-8,-8,-8,421,14.03,14.03,-8,Muhammad al-Mansur Loyalists,7,-8,6000,4000,10000,5.1
633,Fourth Venezuelan War of 1899,2,4,101,Venezuela,Castro-led Rebels,0,5,24,1899,10,14,1899,-8,-8,-8,-8,-8,-8,-8,-8,-8,-8,-8,-8,-8,-8,-8,-8,-8,-8,141,4.7,4.7,-8,Castro-led Rebels,2,-8,1200,800,3000,5.1
635,Second Yaqui War of 1899-1900,1,5,70,Mexico,Yaqui,0,7,21,1899,1,18,1900,-8,-8,-8,-8,-8,-8,-8,-8,-8,-8,-8,-8,-8,-8,-8,-8,-8,-8,178,5.93,5.97,-8,Yaqui,1,-8,80,1100,1180,5.1
636,Colombian War of the Thousand Days of 1899-1902,2,4,100,Colombia,War Liberals,1,10,17,1899,11,21,1902,-8,-8,-8,-8,-8,-8,-8,-8,-8,-8,-8,-8,-8,-8,-8,-8,-8,-8,1115,37.17,44.73,-8,War Liberals,1,-8,47000,53000,100000,5.1
637,Quintana Roo War of 1899-1901,1,5,70,Mexico,Mayan Cruzob,0,10,-9,1899,5,4,1901,-8,-8,-8,-8,-8,-8,-8,-8,-8,-8,-8,-8,-8,-8,-8,-8,-8,-8,560,18.67,18.67,-8,Mexico,1,-8,2000,-9,-9,5.1
638,Fifth Venezuelan War of 1901-1903,2,4,101,Venezuela,Matos-led Rebels,0,12,19,1901,7,21,1903,-8,-8,-8,-8,-8,-8,-8,-8,-8,-8,-8,-8,-8,-8,-8,-8,-8,-8,573,19.1,19.1,-8,Matos-led Rebels,1,-8,-9,-9,12000,5.1
639,Third Yemeni Imamate Rebellion of 1902-1906,5,5,640,Ottoman Empire,Zaidi Imamate,0,3,-9,1902,8,-9,1902,10,-9,1902,6,-9,1906,-8,-8,-8,-8,-8,-8,-8,-8,-8,-8,-8,-8,1472,49.07,49.07,-8,Zaidi Imamate,6,-8,30000,15000,45000,5.1
640,Ilinden War of 1902-1903,3,5,640,Ottoman Empire,IMRO,0,10,11,1902,11,-9,1903,-8,-8,-8,-8,-8,-8,-8,-8,-8,-8,-8,-8,-8,-8,-8,-8,-8,-8,395,13.17,13.17,-8,IMRO,1,-8,4500,1500,6000,5.1
641,First Uruguay War of 1904,2,4,165,Uruguay,Blancos,0,1,1,1904,9,10,1904,-8,-8,-8,-8,-8,-8,-8,-8,-8,-8,-8,-8,-8,-8,-8,-8,-8,-8,250,8.33,8.33,-8,Blancos,1,-8,900,700,1600,5.1
641.5,Saudi Revolt of 1904 ,5,5,640,Ottoman Empire,Ibn Saud-led Rebels,0,5,8,1904,9,27,1904,-8,-8,-8,-8,-8,-8,-8,-8,-8,-8,-8,-8,-8,-8,-8,-8,-8,-8,140,4.67,4.67,-8,Ottoman Empire,3,-8,1900,600,2500,5.1
643,Bloody Sunday War of 1905-1906,3,4,365,Russia,Workers and Peasants,0,1,22,1905,1,1,1906,-8,-8,-8,-8,-8,-8,-8,-8,-8,-8,-8,-8,-8,-8,-8,-8,-8,-8,340,11.33,11.33,-8,Russia,1,-8,2300,3000,5300,5.1
645,Romanian Peasant Revolt of 1907,3,4,360,Rumania,Peasants,0,3,16,1907,4,30,1907,-8,-8,-8,-8,-8,-8,-8,-8,-8,-8,-8,-8,-8,-8,-8,-8,-8,-8,45,1.5,1.5,-8,Peasants,1,-8,-9,-9,5000,5.1
646,Hafiziyya Uprising of 1907-1908,5,4,600,Morocco,Mulai el-Hafid-led Forces,1,8,16,1907,8,21,1908,-8,-8,-8,-8,-8,-8,-8,-8,-8,-8,-8,-8,-8,-8,-8,-8,-8,-8,366,12.2,23.57,-8,Mulai el-Hafid-led Forces,2,-8,600,800,1400,5.1
647,Iranian Constitution War of 1908-1909,5,4,630,Iran,Constitutionalists,1,6,23,1908,7,17,1909,-8,-8,-8,-8,-8,-8,-8,-8,-8,-8,-8,-8,-8,-8,-8,-8,-8,-8,385,12.83,13.67,-8,Iran,2,-8,-9,-9,1500,5.1
647.5,Asir-Yemen Revolt of 1909-1911,5,5,640,Ottoman Empire,Asir and Yemen Rebels,0,2,18,1909,2,-9,1910,10,-9,1910,9,28,1911,-8,-8,-8,-8,-8,-8,-8,-8,-8,-8,-8,-8,702,23.4,23.4,-8,Ottoman Empire,6,-8,7000,3000,10000,5.1
648,Young Turks Counter-Coup of 1909,5,4,640,Ottoman Empire,Constitutionalists,0,4,14,1909,5,17,1909,-8,-8,-8,-8,-8,-8,-8,-8,-8,-8,-8,-8,-8,-8,-8,-8,-8,-8,34,1.13,1.13,-8,Constitutionalists,1,-8,-9,-9,1000,5.1
649,Bluefields Insurrection of 1909-1910,1,4,93,Nicaragua,Estradistas,0,10,10,1909,8,20,1910,-8,-8,-8,-8,-8,-8,-8,-8,-8,-8,-8,-8,-8,-8,-8,-8,-8,-8,311,10.37,10.37,-8,Estradistas,2,-8,-9,-9,1192,5.1
650,Second Albanian Revolt of 1910-1912,3,5,640,Ottoman Empire,Albanians,0,3,-9,1910,10,16,1912,-8,-8,-8,-8,-8,-8,-8,-8,-8,-8,-8,-8,-8,-8,-8,-8,-8,-8,932,31.07,31.07,-8,Albanians,4,100,5000,-9,-9,5.1
650.8,Hawran Druze Rebellion of 1910 ,5,5,640,Ottoman Empire,Druzes,0,9,11,1910,11,8,1910,-8,-8,-8,-8,-8,-8,-8,-8,-8,-8,-8,-8,-8,-8,-8,-8,-8,-8,58,1.93,1.93,-8,Ottoman Empire,1,-8,100,1000,1100,5.1
652,Third Mexican War of 1910-1914,1,4,70,Mexico,Liberals and Radicals,1,11,20,1910,6,6,1911,8,26,1911,7,19,1914,-8,-8,-8,-8,-8,-8,-8,-8,-8,-8,-8,-8,1240,41.33,44.33,-8,Liberals & Radicals,2,-8,90000,60022,150022,5.1
656,Paraguayan Radical Liberal Rebellion of 1911-1912,2,4,150,Paraguay,Radical Liberals,0,2,11,1911,3,17,1911,11,23,1911,5,11,1912,-8,-8,-8,-8,-8,-8,-8,-8,-8,-8,-8,-8,206,6.87,6.87,-8,Radical Liberals,2,-8,3000,1000,4000,5.1
657,First Nationalist Revolution of 1911,6,4,710,China,Republicans,0,10,11,1911,12,18,1911,-8,-8,-8,-8,-8,-8,-8,-8,-8,-8,-8,-8,-8,-8,-8,-8,-8,-8,68,2.27,2.27,-8,Republicans,3,-8,4000,2000,6000,5.1
657.3,War of  Ecuadorian Generals of 1912,2,4,130,Ecuador,Alfaristas,0,1,11,1912,1,22,1912,-8,-8,-8,-8,-8,-8,-8,-8,-8,-8,-8,-8,-8,-8,-8,-8,-8,-8,12,0.4,0.4,-8,Alfaristas,1,-8,-9,-9,1000,5.1
658,Cuban Black Uprising of 1912,1,5,40,Cuba,Partido Independiente de Color,0,5,20,1912,7,18,1912,-8,-8,-8,-8,-8,-8,-8,-8,-8,-8,-8,-8,-8,-8,-8,-8,-8,-8,59,1.97,1.97,-8,Partido Independiente de Color,1,-8,50,1000,1050,5.1
665,Second Nationalist Revolution of 1913,6,5,710,China,Republicans,0,7,12,1913,9,1,1913,-8,-8,-8,-8,-8,-8,-8,-8,-8,-8,-8,-8,-8,-8,-8,-8,-8,-8,50,1.67,1.67,-8,China,1,-8,-9,-9,5000,5.1
667,Ecuadorian Civil War of 1913-1916,2,4,130,Ecuador,Conchistas,0,9,24,1913,9,14,1916,-8,-8,-8,-8,-8,-8,-8,-8,-8,-8,-8,-8,-8,-8,-8,-8,-8,-8,1071,35.7,35.7,-8,Conchistas,1,-8,-9,-9,7000,5.1
672,China Pai Ling (White Wolf) War of 1914,6,5,710,China,Pai-Lings,0,3,-9,1914,8,7,1914,-8,-8,-8,-8,-8,-8,-8,-8,-8,-8,-8,-8,-8,-8,-8,-8,-8,-8,143,4.77,4.77,-8,Pai-Lings,1,-8,-9,-9,1000,5.1
672.5,Contestado Rebellion of 1914-1915,2,5,140,Brazil,Fanaticos,0,8,-9,1914,12,-9,1915,-8,-8,-8,-8,-8,-8,-8,-8,-8,-8,-8,-8,-8,-8,-8,-8,-8,-8,481,16.03,16.03,-8,Brazil,1,-8,1000,6000,7000,5.1
673,Fourth Mexican War of 1914-1920,1,4,70,Mexico,Conventionists,1,11,3,1914,7,28,1920,-8,-8,-8,-8,-8,-8,-8,-8,-8,-8,-8,-8,-8,-8,-8,-8,-8,-8,2066,68.87,79.63,-8,Conventionists,1,-8,90015,60000,150015,5.1
674,Anti-Monarchy War of 1915-1916,6,4,710,China,NPA,0,12,25,1915,6,15,1916,-8,-8,-8,-8,-8,-8,-8,-8,-8,-8,-8,-8,-8,-8,-8,-8,-8,-8,171,5.7,5.7,-8,NPA,2,-8,2000,2000,4000,5.1
675,Russian Turkestan Revolt of 1916-1917,6,5,365,Russia,Kirghiz & Kazaks,0,7,4,1916,2,27,1917,-8,-8,-8,-8,-8,-8,-8,-8,-8,-8,-8,-8,-8,-8,-8,-8,-8,-8,234,7.8,7.8,-8,Turkestan rebels,1,-8,150,1850,2000,5.1
675.5,Negus Mikael Revolt of 1916-1917,4,4,530,Ethiopia,Negus Mikael-led Rebels,0,10,7,1916,8,27,1917,-8,-8,-8,-8,-8,-8,-8,-8,-8,-8,-8,-8,-8,-8,-8,-8,-8,-8,321,10.7,10.7,-8,Negus Mikael-led Rebels,1,-8,10000,10000,20000,5.1
676,First Yunnan-Sichuan War of 1917,6,6,-8,Sichuan Military,Yunnan and Guizhou,0,4,18,1917,8,2,1917,-8,-8,-8,-8,-8,-8,-8,-8,-8,-8,-8,-8,-8,-8,-8,-8,-8,-8,105,3.5,3.5,-8,Sichuan Military,1,-8,-9,-9,3000,5.1
676.5,Southern China Revolt of 1917-1918,6,5,710,China,CPA,0,8,16,1917,11,17,1918,-8,-8,-8,-8,-8,-8,-8,-8,-8,-8,-8,-8,-8,-8,-8,-8,-8,-8,452,15.07,15.07,-8,China,3,-8,-9,-9,1500,5.1
677,Russian Civil War of 1917-1920,3,4,365,Russia,Anti-Bolsheviks,1,12,9,1917,11,20,1920,-8,-8,-8,-8,-8,-8,-8,-8,-8,-8,-8,-8,-8,-8,-8,-8,-8,-8,1062,35.4,120.33,-8,Anti-Bolsheviks,1,-8,702000,327225,1029225,5.1
680,Finnish Civil War of 1918,3,4,375,Finland,Red Guard,1,1,28,1918,5,16,1918,-8,-8,-8,-8,-8,-8,-8,-8,-8,-8,-8,-8,-8,-8,-8,-8,-8,-8,109,3.63,8.73,-8,Red Guard,1,-8,6250,17900,24150,5.1
681,Western Ukrainian War of 1918-1919,3,6,-8,Western Ukraine,Ukranian Poles,1,12,1,1918,2,13,1919,-8,-8,-8,-8,-8,-8,-8,-8,-8,-8,-8,-8,-8,-8,-8,-8,-8,-8,73,2.43,4.87,-8,Poles,4,109,1500,1000,2500,5.1
682,Sparticist Rising of 1919,3,7,-8,Freikorps,Socialists,0,1,6,1919,5,3,1919,-8,-8,-8,-8,-8,-8,-8,-8,-8,-8,-8,-8,-8,-8,-8,-8,-8,-8,118,3.93,3.93,-8,Socialists,1,-8,100,2900,3000,5.1
683,Hungary's Red and White Terror of 1919-1920,3,4,310,Hungary,Whites,0,3,25,1919,2,15,1920,-8,-8,-8,-8,-8,-8,-8,-8,-8,-8,-8,-8,-8,-8,-8,-8,-8,-8,321,10.7,10.7,-8,Whites,2,-8,1000,500,1500,5.1
684,Second Yunnan-Sichuan War of 1920,6,6,-8,Sichuan,Yunnan-Guizhou Forces,0,5,23,1920,12,-9,1920,-8,-8,-8,-8,-8,-8,-8,-8,-8,-8,-8,-8,-8,-8,-8,-8,-8,-8,203,6.77,6.77,-8,Sichuan,1,-8,-9,-9,2000,5.1
684.5,Gilan Marxists Rebellion of 1920-1921,5,4,630,Iran,SSRI,1,6,17,1920,11,23,1921,-8,-8,-8,-8,-8,-8,-8,-8,-8,-8,-8,-8,-8,-8,-8,-8,-8,-8,517,17.23,44.27,-8,SSRI,1,-8,-9,-9,1500,5.1
685,Zhili-Anfu War of 1920,6,7,-8,An-Fu Faction,Zhili and Fengtien Factions,0,7,14,1920,7,23,1920,-8,-8,-8,-8,-8,-8,-8,-8,-8,-8,-8,-8,-8,-8,-8,-8,-8,-8,10,0.33,0.33,-8,Zhili,2,-8,-9,-9,1000,5.1
685.5,Dagestan Rebellion of 1920-1921,6,5,365,Soviet Russian Republic,Sharia Army,0,8,-9,1920,5,21,1921,-8,-8,-8,-8,-8,-8,-8,-8,-8,-8,-8,-8,-8,-8,-8,-8,-8,-8,277,9.23,9.23,-8,Sharia Army,1,-8,10000,9688,19688,5.1
686,Green Rebellion of 1920-1921,3,5,365,Soviet Russian Republic,Tambov Peasants,0,8,19,1920,6,3,1921,-8,-8,-8,-8,-8,-8,-8,-8,-8,-8,-8,-8,-8,-8,-8,-8,-8,-8,285,9.5,9.5,-8,Tambov Peasants,1,-8,1700,7500,9200,5.1
687,Bashmachi in Turketsan Revolt of 1920-1924,6,5,365,Soviet Russian Republic,Basmachi,0,8,28,1920,2,4,1924,-8,-8,-8,-8,-8,-8,-8,-8,-8,-8,-8,-8,-8,-8,-8,-8,-8,-8,1237,41.23,41.23,-8,Soviet Russia,1,-8,-9,-9,3500,5.1
688,Italian Fascist War of 1920-1922,3,7,-8,Blackshirts,Leftists,0,10,-9,1920,10,1,1922,-8,-8,-8,-8,-8,-8,-8,-8,-8,-8,-8,-8,-8,-8,-8,-8,-8,-8,707,23.57,23.57,-8,Blackshirts,1,-8,300,3000,3300,5.1
689,Simko Rebellion of 1921-1922,5,5,630,Iran,Shikak Kurds,0,3,-9,1921,9,30,1922,-8,-8,-8,-8,-8,-8,-8,-8,-8,-8,-8,-8,-8,-8,-8,-8,-8,-8,556,18.53,18.53,-8,Shikak Kurds,1,-8,1100,900,2000,5.1
690,Kronstadt Rebellion of 1921,3,4,365,Soviet Russian Republic,Sailors,0,3,7,1921,3,18,1921,-8,-8,-8,-8,-8,-8,-8,-8,-8,-8,-8,-8,-8,-8,-8,-8,-8,-8,12,0.4,0.4,-8,Sailors,1,-8,1900,2700,4600,5.1
691,Far Eastern Republic War of 1921-1923,6,4,365,Soviet Russian Republic,Belopovstantsy,0,11,1,1921,6,17,1923,-8,-8,-8,-8,-8,-8,-8,-8,-8,-8,-8,-8,-8,-8,-8,-8,-8,-8,587,19.57,19.57,-8,Belopovstantsy,1,-8,2500,500,3000,5.1
692,First Zhili-Fengtien War of 1922,6,4,710,China,Zhili Faction,0,4,28,1922,5,4,1922,-8,-8,-8,-8,-8,-8,-8,-8,-8,-8,-8,-8,-8,-8,-8,-8,-8,-8,7,0.23,0.23,-8,China,2,-8,2500,2500,5000,5.1
693,Agrarian Rising of 1923,3,4,355,Bulgaria,Agrarian League,0,9,23,1923,9,28,1923,-8,-8,-8,-8,-8,-8,-8,-8,-8,-8,-8,-8,-8,-8,-8,-8,-8,-8,6,0.2,0.2,-8,Agrarian League,1,-8,500,1000,1500,5.1
695,De La Huerta Rebellion of 1923-1924,1,4,70,Mexico,Huerta-led Rebels,0,12,4,1923,5,10,1924,-8,-8,-8,-8,-8,-8,-8,-8,-8,-8,-8,-8,-8,-8,-8,-8,-8,-8,157,5.23,5.23,-8,Huerta Led Rebels,1,-8,-9,-9,7000,5.1
696,Honduran Conservative War of 1924,1,4,91,Honduras,Conservatives,0,2,7,1924,4,28,1924,-8,-8,-8,-8,-8,-8,-8,-8,-8,-8,-8,-8,-8,-8,-8,-8,-8,-8,82,2.73,2.73,-8,Conservatives,2,-8,2000,1000,3000,5.1
697,First Afghan Anti-Reform War of 1924-1925,6,4,700,Afghanistan,Khost Rebels,0,3,15,1924,3,-9,1925,-8,-8,-8,-8,-8,-8,-8,-8,-8,-8,-8,-8,-8,-8,-8,-8,-8,-8,361,12.03,12.03,-8,Khost Rebels,1,-8,700,400,1100,5.1
697.3,Second Zhili-Fengtien War  of 1924,6,4,710,China,Fengtien Faction,1,9,3,1924,11,3,1924,-8,-8,-8,-8,-8,-8,-8,-8,-8,-8,-8,-8,-8,-8,-8,-8,-8,-8,61,2.03,2.03,-8,China,2,-8,-9,-9,8000,5.1
697.6,Shaikh Said's Rebellion of 1925,5,5,640,Turkey,Zaza Kurds,0,2,8,1925,9,16,1925,-8,-8,-8,-8,-8,-8,-8,-8,-8,-8,-8,-8,-8,-8,-8,-8,-8,-8,219,7.3,7.3,-8,Zaza Kurds,1,-8,2250,2750,5000,5.1
697.8,Labrang War of 1925-1926,6,7,-8,Golok Tibetans,Gansu Muslims,0,6,15,1925,-9,-9,1926,-8,-8,-8,-8,-8,-8,-8,-8,-8,-8,-8,-8,-8,-8,-8,-8,-8,-8,361,12.03,12.03,-8,Golok Tibetans,2,-8,600,400,1000,5.1
698,Anti-Fengtien War of 1925-1926,6,7,-8,Guominjun,Fengtien Army,0,11,23,1925,4,21,1926,-8,-8,-8,-8,-8,-8,-8,-8,-8,-8,-8,-8,-8,-8,-8,-8,-8,-8,149,4.97,4.97,-8,Guominjun,4,700,-9,-9,5000,5.1
700,Chinese Northern Expedition of 1926-1928,6,4,710,China,GMD and CCP,1,4,22,1926,6,8,1928,-8,-8,-8,-8,-8,-8,-8,-8,-8,-8,-8,-8,-8,-8,-8,-8,-8,-8,767,25.57,25.87,698,GMD and CCP,2,-8,-9,-9,65000,5.1
701,Cristeros Revolt of 1926-1929,1,4,70,Mexico,Cristeros,0,8,29,1926,7,17,1929,-8,-8,-8,-8,-8,-8,-8,-8,-8,-8,-8,-8,-8,-8,-8,-8,-8,-8,1039,34.63,34.63,-8,Cristeros,3,-8,55000,35000,90000,5.1
702,First KMT-CCP War of 1927,6,7,-8,GMD,CCP,0,8,1,1927,12,13,1927,-8,-8,-8,-8,-8,-8,-8,-8,-8,-8,-8,-8,-8,-8,-8,-8,-8,-8,133,4.43,4.43,-8,CCP,1,-8,-9,-9,2000,5.1
702.5,Second Gansu Muslim Revolt of 1928-1929,6,5,710,China,Gansu Muslims,0,6,8,1928,5,20,1929,-8,-8,-8,-8,-8,-8,-8,-8,-8,-8,-8,-8,-8,-8,-8,-8,-8,-8,343,11.43,11.43,-8,Gansu Muslims,4,707.5,-9,-9,20000,5.1
703,Ethiopian Northern Resistance of 1928-1930,4,5,530,Ethiopia,Northern Resistance,0,10,15,1928,4,30,1930,-8,-8,-8,-8,-8,-8,-8,-8,-8,-8,-8,-8,-8,-8,-8,-8,-8,-8,556,18.53,18.53,-8,Northern Resistance,1,-8,-9,-9,2000,5.1
705,Second Afghan Anti-Reform War of 1928-1929,6,4,700,Afghanistan,Anti-Reform Rebels,0,11,10,1928,10,13,1929,-8,-8,-8,-8,-8,-8,-8,-8,-8,-8,-8,-8,-8,-8,-8,-8,-8,-8,334,11.13,11.13,-8,Anti-Reform Rebels,1,-8,3750,3750,7500,5.1
707,Escobar Rebellion of 1929,1,4,70,Mexico,Escobar-led Rebels,0,3,3,1929,5,4,1929,-8,-8,-8,-8,-8,-8,-8,-8,-8,-8,-8,-8,-8,-8,-8,-8,-8,-8,62,2.07,2.07,-8,Escobar Led Rebels,1,-8,400,1600,2000,5.1
707.3,Ikhwan Revolt of 1929-1930,5,4,670,Saudi Arabia,Ikhwan,0,3,30,1929,1,10,1930,-8,-8,-8,-8,-8,-8,-8,-8,-8,-8,-8,-8,-8,-8,-8,-8,-8,-8,281,9.37,9.37,-8,Saudi Arabia,1,-8,-9,-9,2000,5.1
707.5,Central Plains War of 1929-1930,6,4,710,China,Warlord Armies,0,3,31,1929,6,29,1929,9,17,1929,10,13,1930,-8,-8,-8,-8,-8,-8,-8,-8,-8,-8,-8,-8,477,15.9,15.9,-8,China,1,-8,37500,62500,100000,5.1
708,Ararat Revolt of  1930,5,5,640,Turkey,Kurds,0,4,-9,1930,11,14,1930,-8,-8,-8,-8,-8,-8,-8,-8,-8,-8,-8,-8,-8,-8,-8,-8,-8,-8,210,7,7,-8,Turkey,1,-8,-9,-9,4000,5.1
709,Campaign Against Ibrahim Beg of 1930-1931,6,5,700,Afghanistan,Army of Islam,0,10,-9,1930,3,31,1931,-8,-8,-8,-8,-8,-8,-8,-8,-8,-8,-8,-8,-8,-8,-8,-8,-8,-8,167,5.57,5.57,-8,Afghanistan,1,-8,700,300,1000,5.1
710,Chinese Civil War phase 1 of 1930-1936,6,4,710,China,Chinese Workers,0,11,5,1930,12,25,1936,-8,-8,-8,-8,-8,-8,-8,-8,-8,-8,-8,-8,-8,-8,-8,-8,-8,-8,2211,73.7,73.7,-8,China,3,-8,200000,200000,400000,5.1
711,Kumul Rebellion of 1931-1932,6,6,-8,Xinjiang,Kumuliks and allies,0,4,4,1931,2,-9,1932,-8,-8,-8,-8,-8,-8,-8,-8,-8,-8,-8,-8,-8,-8,-8,-8,-8,-8,316,10.33,10.33,-8,Kumulliks,4,711.5,-9,-9,3000,5.1
711.5,Xinjiang Muslim Revolt of 1931-1934,6,6,710,China,Xinjiang,1,2,-9,1932,7,-9,1933,9,-9,1933,2,-9,1934,-8,-8,-8,-8,-8,-8,-8,-8,-8,-8,-8,-8,669,22,23.5,711,China,2,-8,-9,-9,7000,5.1
712,Matanza War of 1932,1,4,92,El Salvador,Leftists,0,1,18,1932,1,29,1932,-8,-8,-8,-8,-8,-8,-8,-8,-8,-8,-8,-8,-8,-8,-8,-8,-8,-8,12,0.4,0.4,-8,Leftists,1,-8,100,2500,2600,5.1
712.5,Mongolian Armed Uprising of 1932,6,5,712,Mongolia,Buddhist Rebels,1,4,12,1932,10,-9,1932,-8,-8,-8,-8,-8,-8,-8,-8,-8,-8,-8,-8,-8,-8,-8,-8,-8,-8,184,6.13,10.17,-8,Buddhist Rebels,1,-8,600,1400,2000,5.1
713,Aprista Revolt of 1932,2,4,135,Peru,Apristas,0,5,7,1932,7,17,1932,-8,-8,-8,-8,-8,-8,-8,-8,-8,-8,-8,-8,-8,-8,-8,-8,-8,-8,71,2.37,2.37,-8,Apristas,1,-8,110,1100,1210,5.1
715,Paulista Rebellion of 1932,2,4,140,Brazil,Paulistas,0,7,9,1932,10,4,1932,-8,-8,-8,-8,-8,-8,-8,-8,-8,-8,-8,-8,-8,-8,-8,-8,-8,-8,86,2.87,2.87,-8,Paulistas,1,-8,1050,2200,3250,5.1
715.6,Xinjiang Hui-Uyghur War of 1933-1934,6,7,-8,Hui,Uyghur and Kirghiz,0,5,18,1933,4,12,1934,-8,-8,-8,-8,-8,-8,-8,-8,-8,-8,-8,-8,-8,-8,-8,-8,-8,-8,325,10.83,10.83,-8,Uyghur and Kirghiz,1,-8,-9,-9,1000,5.1
716,Fukien Revolt of 1933-1934,6,4,710,China,19th Route Army,0,11,20,1933,2,-9,1934,-8,-8,-8,-8,-8,-8,-8,-8,-8,-8,-8,-8,-8,-8,-8,-8,-8,-8,86,2.87,2.87,-8,China,1,-8,-9,-9,1000,5.1
717,Spainish Miners War of 1934,3,4,230,Spain,Asturian Miners,0,10,4,1934,10,18,1934,-8,-8,-8,-8,-8,-8,-8,-8,-8,-8,-8,-8,-8,-8,-8,-8,-8,-8,15,0.5,0.5,-8,Asturian Miners,1,-8,284,1051,1335,5.1
718,Spanish Civil War of 1936-1939,3,4,230,Spain,Falange,1,7,18,1936,3,29,1939,-8,-8,-8,-8,-8,-8,-8,-8,-8,-8,-8,-8,-8,-8,-8,-8,-8,-8,972,32.4,159.17,-8,Falange,2,-8,181300,128100,309400,5.1
718.5,Dersim Revolt of 1937-1938,5,4,640,Turkey,Dersim Kurds,0,5,8,1937,6,-9,1938,-8,-8,-8,-8,-8,-8,-8,-8,-8,-8,-8,-8,-8,-8,-8,-8,-8,-8,398,13.27,13.27,-8,Dersim Kurds,1,-8,200,1000,1200,5.1
719,KMT-CCP Clashes of 1939-1941,6,4,710,China,CCP,0,2,-9,1939,12,6,1941,-8,-8,-8,-8,-8,-8,-8,-8,-8,-8,-8,-8,-8,-8,-8,-8,-8,-8,1012,33.73,33.73,-8,China,6,-8,-9,-9,31000,5.1
719.6,Weyane Rebellion of 1943,4,5,530,Ethiopia,Weyane Rebels,0,5,22,1943,10,17,1943,-8,-8,-8,-8,-8,-8,-8,-8,-8,-8,-8,-8,-8,-8,-8,-8,-8,-8,146,4.87,4.87,-8,Weyane Rebels,1,-8,-9,-9,1000,5.1
719.8,Ili Uprising of 1944-1945,6,5,710,China,East Turkestan Republic,0,10,8,1944,9,17,1945,-8,-8,-8,-8,-8,-8,-8,-8,-8,-8,-8,-8,-8,-8,-8,-8,-8,-8,340,11.33,11.33,-8,East Turkestan Republic,3,-8,-9,-9,30000,5.1
720,Greek Civil War round 2  of 1944-1945,3,4,350,Greece,EAM-ELAS,1,12,3,1944,1,11,1945,-8,-8,-8,-8,-8,-8,-8,-8,-8,-8,-8,-8,-8,-8,-8,-8,-8,-8,39,1.3,2.6,-8,EAM-ELAS,1,-8,737,1000,1737,5.1
721,Polish Ukrainians War of 1945-1947,3,5,365,USSR,UPA,1,5,8,1945,11,18,1947,-8,-8,-8,-8,-8,-8,-8,-8,-8,-8,-8,-8,-8,-8,-8,-8,-8,-8,911,30.37,59.07,-8,UPA,1,-8,13100,8700,21800,5.1
722,Ukrainian Partisans War of 1945-1947,3,5,365,USSR,UPA,0,5,8,1945,12,31,1947,-8,-8,-8,-8,-8,-8,-8,-8,-8,-8,-8,-8,-8,-8,-8,-8,-8,-8,954,31.8,31.8,-8,UPA,1,-8,25000,56600,81600,5.1
723,Forest Brethren War of 1945-1949,3,5,365,USSR,Baltic Partisans,0,5,8,1945,12,31,1949,-8,-8,-8,-8,-8,-8,-8,-8,-8,-8,-8,-8,-8,-8,-8,-8,-8,-8,1674,55.8,55.8,-8,Baltic Partisans,1,-8,20000,30000,50000,5.1
723.5,Chinese Civil War phase 2 of 1945-1950,6,4,710,China,CCP,0,9,10,1945,4,21,1950,-8,-8,-8,-8,-8,-8,-8,-8,-8,-8,-8,-8,-8,-8,-8,-8,-8,-8,1662,55.4,55.4,-8,CCP,2,-8,600000,600000,1200000,5.1
724,Greek Civil War round 3 of 1946-1949,3,4,350,Greece,Communists,1,2,12,1946,10,16,1949,-8,-8,-8,-8,-8,-8,-8,-8,-8,-8,-8,-8,-8,-8,-8,-8,-8,-8,1325,44.17,88.33,-8,Communists,1,-8,18180,50000,68180,5.1
726,Taiwan Revolt of 1947,6,5,710,China,Taiwanese,0,2,28,1947,3,21,1947,-8,-8,-8,-8,-8,-8,-8,-8,-8,-8,-8,-8,-8,-8,-8,-8,-8,-8,22,0.73,0.73,-8,Taiwanese,1,-8,200,1800,2000,5.1
727,Paraguay War of 1947,2,4,150,Paraguay,Leftists,0,3,7,1947,8,20,1947,-8,-8,-8,-8,-8,-8,-8,-8,-8,-8,-8,-8,-8,-8,-8,-8,-8,-8,164,5.47,5.47,-8,Leftists,1,-8,1500,2500,4000,5.1
728,Sanaa Revolt of 1948,5,4,678,Yemen,Pro-Ahmad Forces,0,2,25,1948,3,20,1948,-8,-8,-8,-8,-8,-8,-8,-8,-8,-8,-8,-8,-8,-8,-8,-8,-8,-8,26,0.87,0.87,-8,Pro-Ahmad Forces,2,-8,-9,-9,2000,5.1
730,Costa Rica War of 1948,1,4,94,Costa Rica,Army of National Liberation,0,3,12,1948,4,17,1948,-8,-8,-8,-8,-8,-8,-8,-8,-8,-8,-8,-8,-8,-8,-8,-8,-8,-8,36,1.2,1.2,-8,Army of National Liberation,2,-8,1500,100,1600,5.1
730.5,First Burmese War of 1948-1950,6,4,775,Burma,Karens and Communists,0,4,2,1948,12,10,1950,-8,-8,-8,-8,-8,-8,-8,-8,-8,-8,-8,-8,-8,-8,-8,-8,-8,-8,969,32.3,32.3,-8,Communists,7,-8,1352,2072,3424,5.1
731,La Violencia first wave of 1948-1953,2,4,100,Colombia,Liberals,0,4,9,1948,9,12,1953,-8,-8,-8,-8,-8,-8,-8,-8,-8,-8,-8,-8,-8,-8,-8,-8,-8,-8,1954,65.13,65.13,-8,Liberals,1,-8,16800,19200,36000,5.1
732.5,Telengana Rebellion of 1948-1950,6,4,750,India,Hyderabad Communists,0,10,1,1948,12,31,1950,-8,-8,-8,-8,-8,-8,-8,-8,-8,-8,-8,-8,-8,-8,-8,-8,-8,-8,811,27.03,27.03,-8,India,1,-8,250,2000,2250,5.1
733,Huk Rebellion of 1950-1954,6,5,840,Philippines,Huks,0,4,14,1950,5,17,1954,-8,-8,-8,-8,-8,-8,-8,-8,-8,-8,-8,-8,-8,-8,-8,-8,-8,-8,1474,49.13,49.13,-8,Huks,1,-8,1578,9695,11273,5.1
734,South Moluccas War of 1950,6,5,850,Indonesia,Republik Maluku Selan,0,7,13,1950,11,3,1950,-8,-8,-8,-8,-8,-8,-8,-8,-8,-8,-8,-8,-8,-8,-8,-8,-8,-8,111,3.7,3.7,-8,Indonesia,1,-8,-9,-9,3000,5.1
736,Indonesia Darul Islam Rebellion of 1951-1962,6,4,850,Indonesia,Darul Islam,0,1,1,1951,6,4,1962,-8,-8,-8,-8,-8,-8,-8,-8,-8,-8,-8,-8,-8,-8,-8,-8,-8,-8,4114,137.13,137.13,-8,Indonesia,1,-8,8000,12000,20000,5.1
737,Bolivian National Revolution of 1952,2,4,145,Bolivia,MNR,0,4,8,1952,4,11,1952,-8,-8,-8,-8,-8,-8,-8,-8,-8,-8,-8,-8,-8,-8,-8,-8,-8,-8,4,0.13,0.13,-8,MNR,2,-8,-9,-9,1000,5.1
739,La Violencia second wave of 1955-1962,2,4,100,Colombia,Liberal Guerillas,0,6,13,1955,12,31,1962,-8,-8,-8,-8,-8,-8,-8,-8,-8,-8,-8,-8,-8,-8,-8,-8,-8,-8,2719,90.63,90.63,-8,Colombia,7,-8,-9,-9,14000,5.1
740,Argentine Military War of 1955,2,4,160,Argentina,Military Rebels,0,6,15,1955,9,19,1955,-8,-8,-8,-8,-8,-8,-8,-8,-8,-8,-8,-8,-8,-8,-8,-8,-8,-8,95,3.17,3.17,-8,Military Rebels,2,-8,-9,-9,2100,5.1
740.5,Liangshan Rebellion of 1955-1957,6,5,710,China,Liangshan Rebels,0,12,-9,1955,10,-9,1957,-8,-8,-8,-8,-8,-8,-8,-8,-8,-8,-8,-8,-8,-8,-8,-8,-8,-8,661,22.03,22.03,-8,Liangshan,1,-8,-9,-9,10000,5.1
741,Tibetan Khamba Rebellion of 1956-1959,6,5,710,China,Khamba Tibetans,0,3,1,1956,4,14,1959,-8,-8,-8,-8,-8,-8,-8,-8,-8,-8,-8,-8,-8,-8,-8,-8,-8,-8,1124,37.47,37.47,-8,China,1,-8,10000,10000,20000,5.1
741.5,Naga Insurgency phase 1 of 1956-1957,6,5,750,India,Naga Home Guard,0,4,-9,1956,3,-9,1957,-8,-8,-8,-8,-8,-8,-8,-8,-8,-8,-8,-8,-8,-8,-8,-8,-8,-8,331,11.03,11.03,-8,India,7,-8,-9,-9,1000,5.1
742,Permesta Rebellion of 1958-1961,6,4,850,Indonesia,Permesta Rebels,0,2,21,1958,8,17,1961,-8,-8,-8,-8,-8,-8,-8,-8,-8,-8,-8,-8,-8,-8,-8,-8,-8,-8,1257,41.9,41.9,-8,Indonesia,1,-8,4000,2000,6000,5.1
743,First Lebanese War of 1958,5,4,660,Lebanon,National Front,1,5,9,1958,8,4,1958,-8,-8,-8,-8,-8,-8,-8,-8,-8,-8,-8,-8,-8,-8,-8,-8,-8,-8,86,2.87,6.03,-8,National Front,6,-8,-9,-9,2500,5.1
745,Cuban Revolution of 1958-1959,1,4,40,Cuba,Fidelistas,0,5,24,1958,1,2,1959,-8,-8,-8,-8,-8,-8,-8,-8,-8,-8,-8,-8,-8,-8,-8,-8,-8,-8,219,7.3,7.3,-8,Cuba,2,-8,2000,1000,3000,5.1
746,Second Burmese War of 1958-1960,6,4,775,Burma,Karens & Communists,0,10,28,1958,4,-9,1960,-8,-8,-8,-8,-8,-8,-8,-8,-8,-8,-8,-8,-8,-8,-8,-8,-8,-8,528,17.6,17.6,-8,Burma,7,-8,500,1000,1500,5.1
747,Mosul Revolt of 1959,5,4,645,Iraq,Pro-Western Factions,0,3,7,1959,3,10,1959,-8,-8,-8,-8,-8,-8,-8,-8,-8,-8,-8,-8,-8,-8,-8,-8,-8,-8,4,0.13,0.13,-8,Pro-Western Factions,1,-8,-9,-9,1200,5.1
748,Vietnam War phase 1 of 1960-1965,6,4,817,Republic of Vietnam,NLF,1,1,17,1960,2,6,1965,-8,-8,-8,-8,-8,-8,-8,-8,-8,-8,-8,-8,-8,-8,-8,-8,-8,-8,1820,60.67,116.03,-8,NLF,4,163,25458,41500,66958,5.1
749,First Laotian War of 1960-1968,6,4,812,Laos,Pathet Lao,1,5,24,1960,6,6,1961,1,25,1962,6,23,1962,3,19,1963,1,12,1968,-8,-8,-8,-8,-8,-8,2256,75.2,199.27,-8,Pathet Lao,4,170,-9,-9,10000,5.1
750,First DRC War of 1960-1963,4,5,490,Democratic Republic of the Congo,Anti-Lumumba Coalition,1,7,4,1960,1,14,1963,-8,-8,-8,-8,-8,-8,-8,-8,-8,-8,-8,-8,-8,-8,-8,-8,-8,-8,911,30.37,32.5,-8,Anti-Lumumba Coalition,1,-8,-9,-9,2550,5.1
752,First Iraqi Kurds War of 1961-1963,5,5,645,Iraq,Kurds,1,9,11,1961,12,-9,1963,-8,-8,-8,-8,-8,-8,-8,-8,-8,-8,-8,-8,-8,-8,-8,-8,-8,-8,815,27.17,32.7,-8,Kurds,6,-8,4500,3500,8000,5.1
753,Algerian Revolution of 1962,5,4,615,Algeria,ALN,0,7,25,1962,12,4,1962,-8,-8,-8,-8,-8,-8,-8,-8,-8,-8,-8,-8,-8,-8,-8,-8,-8,-8,130,4.33,4.33,-8,ALN,2,-8,-9,-9,2000,5.1
755,North Yemen War of 1962-1970,5,4,678,Yemen Arab Republic,Royalists,1,10,6,1962,3,28,1970,-8,-8,-8,-8,-8,-8,-8,-8,-8,-8,-8,-8,-8,-8,-8,-8,-8,-8,2693,89.77,152.13,-8,Royalists,1,-8,-9,-9,53500,5.1
757,First Ogaden War of 1963-1964,4,5,530,Ethiopia,OLF,1,6,-9,1963,3,30,1964,-8,-8,-8,-8,-8,-8,-8,-8,-8,-8,-8,-8,-8,-8,-8,-8,-8,-8,286,9.53,14.07,-8,OLF,3,-8,-9,-9,2000,5.1
758,First South Sudan War of 1963-1972,5,5,625,Sudan,Anya Nya,1,9,9,1963,2,27,1972,-8,-8,-8,-8,-8,-8,-8,-8,-8,-8,-8,-8,-8,-8,-8,-8,-8,-8,3049,101.63,135.07,-8,Anya Nya,3,-8,-9,-9,100000,5.1
760,First Rwanda War of 1963-1964,4,4,517,Rwanda,Tutsi Rebels,0,12,21,1963,7,-9,1964,-8,-8,-8,-8,-8,-8,-8,-8,-8,-8,-8,-8,-8,-8,-8,-8,-8,-8,205,6.83,6.83,-8,Tutsi,1,-8,100,900,1000,5.1
761,Second DRC War of 1964-1965,4,5,490,Democratic Republic of the Congo,Jeunesse,0,1,6,1964,12,31,1965,-8,-8,-8,-8,-8,-8,-8,-8,-8,-8,-8,-8,-8,-8,-8,-8,-8,-8,716,23.87,23.87,-8,Jeunesse,1,-8,-9,-9,6250,5.1
762,Third DRC Rebellion of 1964-1965,4,4,490,Democratic Republic of the Congo,CNL,1,4,15,1964,10,10,1965,-8,-8,-8,-8,-8,-8,-8,-8,-8,-8,-8,-8,-8,-8,-8,-8,-8,-8,536,17.87,32,-8,CNL,1,-8,305,4500,4805,5.1
765,Second Iraqi Kurds War of 1965-1966,5,5,645,Iraq,KDP Factions,0,4,3,1965,6,21,1966,-8,-8,-8,-8,-8,-8,-8,-8,-8,-8,-8,-8,-8,-8,-8,-8,-8,-8,439,14.63,14.63,-8,Iraq,3,-8,2000,1000,3000,5.1
766,Dominican Republic War of 1965,1,4,42,Dominican Republic,Constitutionalists,1,4,24,1965,9,6,1965,-8,-8,-8,-8,-8,-8,-8,-8,-8,-8,-8,-8,-8,-8,-8,-8,-8,-8,133,4.43,8.7,-8,Constitutionalists,7,-8,869,600,1469,5.1
767,Third Burmese War of 1965-1993,6,4,775,Burma,Karens & Communists,1,5,1,1965,5,24,1980,1,-9,1981,4,8,1993,-8,-8,-8,-8,-8,-8,-8,-8,-8,-8,-8,-8,9828,327.6,465.97,-8,Burma,7,-8,-9,-9,69000,5.1
768,First Uganda War of 1966,4,5,500,Uganda,Buganda,0,5,23,1966,6,1,1966,-8,-8,-8,-8,-8,-8,-8,-8,-8,-8,-8,-8,-8,-8,-8,-8,-8,-8,9,0.3,0.3,-8,Uganda,1,-8,-9,-9,1000,5.1
770,First Guatemala War of 1966-1968,1,4,90,Guatemala,Leftists,1,10,3,1966,3,30,1968,-8,-8,-8,-8,-8,-8,-8,-8,-8,-8,-8,-8,-8,-8,-8,-8,-8,-8,538,17.93,40.37,-8,Guatemala,7,-8,1028,1400,2428,5.1
771.5,First West Papua War of 1967-1968,6,5,850,Indonesia,OPM,0,1,1,1967,11,30,1968,-8,-8,-8,-8,-8,-8,-8,-8,-8,-8,-8,-8,-8,-8,-8,-8,-8,-8,690,23,23,-8,Indonesia,1,-8,-9,-9,3000,5.1
772,Cultural Revolution phase 1 of 1967,6,6,-8,Regional Militaries,Red Guards,0,1,9,1967,9,4,1967,-8,-8,-8,-8,-8,-8,-8,-8,-8,-8,-8,-8,-8,-8,-8,-8,-8,-8,236,7.87,7.87,-8,Red Guards,4,776,-9,-9,10000,5.1
775,Biafra War of 1967-1970,4,5,475,Nigeria,Biafra,0,7,6,1967,1,13,1970,-8,-8,-8,-8,-8,-8,-8,-8,-8,-8,-8,-8,-8,-8,-8,-8,-8,-8,908,30.27,30.27,-8,Nigeria,1,-8,30000,15000,45000,5.1
776,Cultural Revolution phase 2 of 1967-1968,6,5,710,China,Red Guards,0,9,5,1967,9,5,1968,-8,-8,-8,-8,-8,-8,-8,-8,-8,-8,-8,-8,-8,-8,-8,-8,-8,-8,361,12.03,12.03,772,China,1,-8,-9,-9,10000,5.1
776.3,First Chad Rebellion of 1968-1971,4,4,483,Chad,FROLINAT,1,3,-9,1968,6,16,1971,-8,-8,-8,-8,-8,-8,-8,-8,-8,-8,-8,-8,-8,-8,-8,-8,-8,-8,1172,39.07,72.7,-8,FROLINAT,1,-8,550,3000,3550,5.1
777,Third Iraqi Kurds War of 1968-1970,5,5,645,Iraq,KDP-Barzani,0,12,-9,1968,3,11,1970,-8,-8,-8,-8,-8,-8,-8,-8,-8,-8,-8,-8,-8,-8,-8,-8,-8,-8,447,14.9,14.9,-8,KDP,3,-8,2000,1000,3000,5.1
778,Naxalite Rebellion of 1970-1971,6,4,750,India,Naxalite Marxists,0,3,-9,1970,8,-9,1971,-8,-8,-8,-8,-8,-8,-8,-8,-8,-8,-8,-8,-8,-8,-8,-8,-8,-8,511,17.03,17.03,-8,Naxalite Marxists,1,-8,-9,-9,1400,5.1
780,Black September War of 1970,5,4,663,Jordan,Palestinians,1,9,13,1970,9,24,1970,-8,-8,-8,-8,-8,-8,-8,-8,-8,-8,-8,-8,-8,-8,-8,-8,-8,-8,12,0.4,0.53,-8,Jordan,1,-8,750,1000,1750,5.1
781,Second Guatemala War of 1970-1971,1,4,90,Guatemala,Leftists,0,11,13,1970,9,15,1971,-8,-8,-8,-8,-8,-8,-8,-8,-8,-8,-8,-8,-8,-8,-8,-8,-8,-8,303,10.1,10.1,-8,Guatemala,1,-8,100,900,1000,5.1
782,Pakistan - Bengal War of 1971,6,5,770,Pakistan,Bengalis,1,3,25,1971,12,2,1971,-8,-8,-8,-8,-8,-8,-8,-8,-8,-8,-8,-8,-8,-8,-8,-8,-8,-8,248,8.27,8.7,-8,Pakistan,4,178,5000,15000,20000,5.1
783,First Sri Lanka-JVP War of 1971,6,4,780,Sri Lanka,JVP,0,4,4,1971,6,30,1971,-8,-8,-8,-8,-8,-8,-8,-8,-8,-8,-8,-8,-8,-8,-8,-8,-8,-8,87,2.9,2.9,-8,JVP,1,-8,63,1937,2000,5.1
785,First Khmer Rouge War of 1971-1975,6,4,811,Cambodia,Khmer Rouge,1,12,4,1971,4,17,1975,-8,-8,-8,-8,-8,-8,-8,-8,-8,-8,-8,-8,-8,-8,-8,-8,-8,-8,1214,40.47,115.67,176,Khmer Rouge,2,-8,44398,56000,100398,5.1
786,First Philippine - Moro War of 1972-1981,6,5,840,Philippines,MNLF Moros,0,1,1,1972,4,19,1981,-8,-8,-8,-8,-8,-8,-8,-8,-8,-8,-8,-8,-8,-8,-8,-8,-8,-8,3349,111.63,111.63,-8,MNLF,7,-8,12000,20000,32000,5.1
787,Thai Communist Insurgency of 1972-1973,6,4,800,Thailand,People's Liberation Army,0,1,-9,1972,10,15,1973,-8,-8,-8,-8,-8,-8,-8,-8,-8,-8,-8,-8,-8,-8,-8,-8,-8,-8,631,21.03,21.03,-8,Thailand,7,-8,1300,700,2000,5.1
788,Eritrean Split of 1972-1974,4,7,-8,ELF,EPLF,0,2,-9,1972,10,13,1974,-8,-8,-8,-8,-8,-8,-8,-8,-8,-8,-8,-8,-8,-8,-8,-8,-8,-8,959,31.97,31.97,-8,ELF,6,-8,-9,-9,3000,5.1
789,First Burundi War of 1972,4,4,516,Burundi,Hutu,0,4,29,1972,5,10,1972,-8,-8,-8,-8,-8,-8,-8,-8,-8,-8,-8,-8,-8,-8,-8,-8,-8,-8,27,0.9,0.9,-8,Hutu,1,-8,250,750,1000,5.1
792,Baluchi Separatists War of 1973-1977,6,5,770,Pakistan,Baluchi Rebels,0,1,25,1973,5,-9,1975,1,-9,1976,7,-9,1977,-8,-8,-8,-8,-8,-8,-8,-8,-8,-8,-8,-8,1372,45.73,45.73,-8,Pakistan,1,-8,3300,5300,8600,5.1
793,Chilean Coup of 1973,2,4,155,Chile,Military Rebels,0,9,11,1973,9,15,1973,-8,-8,-8,-8,-8,-8,-8,-8,-8,-8,-8,-8,-8,-8,-8,-8,-8,-8,5,0.17,0.17,-8,Military Rebels,2,-8,3000,200,3200,5.1
795,Dhofar Rebellion phase 2 of 1973-1975,5,5,698,Oman,PFLOAG,1,10,-9,1973,12,11,1975,-8,-8,-8,-8,-8,-8,-8,-8,-8,-8,-8,-8,-8,-8,-8,-8,-8,-8,777,25.9,77.7,-8,Oman,6,-8,2035,1200,3235,5.1
797,Fourth Iraqi  Kurds War of 1974-1975,5,5,645,Iraq,KDP-Barzani,1,3,12,1974,4,1,1975,-8,-8,-8,-8,-8,-8,-8,-8,-8,-8,-8,-8,-8,-8,-8,-8,-8,-8,380,12.67,14.4,-8,KDP,1,-8,2500,2000,4500,5.1
798,Eritrean War of 1975-1979,4,5,530,Ethiopia,EPLF and ELF,1,1,31,1975,11,?,1979,-8,-8,-8,-8,-8,-8,-8,-8,-8,-8,-8,-8,-8,-8,-8,-8,-8,-8,1726,57.53,66.57,-8,EPLF and ELF,1,-8,7100,6000,13100,5.1
800,Argentine Leftists War of 1975-1976,2,4,160,Argentina,Monteneros and ERP,0,2,22,1975,12,16,1976,-8,-8,-8,-8,-8,-8,-8,-8,-8,-8,-8,-8,-8,-8,-8,-8,-8,-8,655,21.83,21.83,-8,Monteneros and ERP,1,-8,470,4000,4470,5.1
801,Second Lebanese War of 1975-1976,5,7,-8,Maronite militias,Lebanese National Movement,1,4,13,1975,4,16,1975,5,25,1975,11,14,1976,-8,-8,-8,-8,-8,-8,-8,-8,-8,-8,-8,-8,534,17.8,25,-8,Phalange,3,-8,-9,-9,15000,5.1
803,Second Laotian War of 1976-1979,6,5,812,Laos,Chao Fa Rebels,1,1,-9,1976,2,-9,1979,-8,-8,-8,-8,-8,-8,-8,-8,-8,-8,-8,-8,-8,-8,-8,-8,-8,-8,1111,37.03,74.07,-8,Chao Fa Rebels,1,-8,-9,5000,-9,5.1
804,Angolan Control War of 1976-1991,4,4,540,Angola,UNITA,1,2,13,1976,5,15,1991,-8,-8,-8,-8,-8,-8,-8,-8,-8,-8,-8,-8,-8,-8,-8,-8,-8,-8,5493,183.1,482.63,186,UNITA,3,-8,36000,66600,102600,5.1
804.5,Rhodesia War of 1976-1979,4,4,552,Rhodesia,Patriotic Front,0,5,2,1976,12,28,1979,-8,-8,-8,-8,-8,-8,-8,-8,-8,-8,-8,-8,-8,-8,-8,-8,-8,-8,1317,43.9,43.9,-8,Patriotic Front,2,-8,950,10000,10950,5.1
805,Second Ogaden War phase 1 of 1976-1977,4,5,530,Ethiopia,WSLF,1,7,1,1976,7,22,1977,-8,-8,-8,-8,-8,-8,-8,-8,-8,-8,-8,-8,-8,-8,-8,-8,-8,-8,382,12.73,25.47,-8,WSLF,4,187,-9,-9,1300,5.1
805.3,Anti-Nimeiry Revolt of 1976,5,4,625,Sudan,National Front,0,7,2,1976,7,5,1976,-8,-8,-8,-8,-8,-8,-8,-8,-8,-8,-8,-8,-8,-8,-8,-8,-8,-8,4,0.13,0.13,-8,National Front,1,-8,300,700,1000,5.1
806,East Timorese War phase 3 of 1976-1979,6,5,850,Indonesia,FRETILIN,0,7,18,1976,5,26,1979,-8,-8,-8,-8,-8,-8,-8,-8,-8,-8,-8,-8,-8,-8,-8,-8,-8,-8,1029,34.3,34.3,472,Indonesia,1,-8,1800,3200,5000,5.1
806.3,Second West Papua War of 1977-1978,6,5,850,Indonesia,OPM,0,4,20,1977,11,-9,1978,-8,-8,-8,-8,-8,-8,-8,-8,-8,-8,-8,-8,-8,-8,-8,-8,-8,-8,566,18.87,18.87,-8,OPM,1,-8,-9,-9,1600,5.1
806.8,Chad - FAP War of 1977-1978,4,4,483,Chad,FAP,1,6,22,1977,6,-9,1978,-8,-8,-8,-8,-8,-8,-8,-8,-8,-8,-8,-8,-8,-8,-8,-8,-8,-8,354,11.8,28.17,-8,FAP,1,-8,2000,2000,4000,5.1
807,Third Lebanese War of 1978,5,7,-8,Lebanese Forces,PLO & Shiite militia,1,2,8,1978,10,4,1978,-8,-8,-8,-8,-8,-8,-8,-8,-8,-8,-8,-8,-8,-8,-8,-8,-8,-8,237,7.9,22.6,-8,Syria & PLO,6,-8,1534,1600,3134,5.1
808,Second Ogaden War phase 3 of 1978-1980,4,5,530,Ethiopia,Ogaden Independence Movement,1,3,10,1978,12,3,1980,-8,-8,-8,-8,-8,-8,-8,-8,-8,-8,-8,-8,-8,-8,-8,-8,-8,-8,984,32.8,72.23,187,Ogaden Independence Movement,1,-8,2000,20000,22000,5.1
809,Saur Revolution of 1978,6,4,700,Afghanistan,PDPA,0,4,27,1978,4,28,1978,-8,-8,-8,-8,-8,-8,-8,-8,-8,-8,-8,-8,-8,-8,-8,-8,-8,-8,2,0.07,0.07,-8,PDPA,2,-8,1800,200,2000,5.1
810,Zaire-FNLC War of 1978,4,4,490,Zaire,FNLC,1,5,11,1978,6,14,1978,-8,-8,-8,-8,-8,-8,-8,-8,-8,-8,-8,-8,-8,-8,-8,-8,-8,-8,34,1.13,2.83,-8,FNLC,1,-8,-9,-9,1001,5.1
811,Third Guatemala War of 1978-1983,1,4,90,Guatemala,Leftists,0,5,29,1978,8,8,1983,-8,-8,-8,-8,-8,-8,-8,-8,-8,-8,-8,-8,-8,-8,-8,-8,-8,-8,1870,62.33,62.33,-8,Guatemala,1,-8,4200,17500,21700,5.1
812,Mujahideen Uprising of 1978-1980,6,4,700,Afghanistan,Mujahideen,1,7,1,1978,2,21,1980,-8,-8,-8,-8,-8,-8,-8,-8,-8,-8,-8,-8,-8,-8,-8,-8,-8,-8,591,19.7,31.1,-8,Nuristan Front,4,476,5900,9000,14900,5.1
815,Sandinista Rebellion of 1978-1979,1,4,93,Nicaragua,Sandinistas,0,9,9,1978,7,18,1979,-8,-8,-8,-8,-8,-8,-8,-8,-8,-8,-8,-8,-8,-8,-8,-8,-8,-8,310,10.33,10.33,-8,Sandinistas,2,-8,1000,2000,3000,5.1
815.5,Iranian Islamic Revolution of 1978-1979,5,4,630,Iran,Anti-Shah Coalition,0,11,16,1978,2,12,1979,-8,-8,-8,-8,-8,-8,-8,-8,-8,-8,-8,-8,-8,-8,-8,-8,-8,-8,87,2.9,2.9,-8,Mujahideen e-Kalk,2,-8,500,500,1000,5.1
816,Anti-Khomeini Coalition War of 1979-1983,5,4,630,Iran,Anti-Khomeini Coalition,0,2,14,1979,12,-9,1983,-8,-8,-8,-8,-8,-8,-8,-8,-8,-8,-8,-8,-8,-8,-8,-8,-8,-8,1742,58.07,58.07,-8,Iran,1,-8,3000,7000,10000,5.1
817,El Salvador War of 1979-1992,1,4,92,El Salvador,Salvadorian Democratic Front,0,10,15,1979,2,1,1992,-8,-8,-8,-8,-8,-8,-8,-8,-8,-8,-8,-8,-8,-8,-8,-8,-8,-8,4427,147.57,147.57,-8,SDF,3,-8,10000,14000,24000,5.1
820,Chad - FAN War of 1980-1984,4,5,483,Chad,FAN,1,3,20,1980,1,-9,1984,-8,-8,-8,-8,-8,-8,-8,-8,-8,-8,-8,-8,-8,-8,-8,-8,-8,-8,1376,45.87,80.2,-8,FAN,2,-8,4500,1700,6200,5.1
823,Nigeria - Muslim War of 1980-1981,4,5,475,Nigeria,Al Masifu Sect,0,12,8,1980,1,1,1981,-8,-8,-8,-8,-8,-8,-8,-8,-8,-8,-8,-8,-8,-8,-8,-8,-8,-8,24,0.8,0.8,-8,Nigeria,1,-8,55,1000,1055,5.1
824,First Philippines - NPA War of 1981-1992,6,4,840,Philippines,NPA,0,1,17,1981,12,10,1986,2,8,1987,9,1,1992,-8,-8,-8,-8,-8,-8,-8,-8,-8,-8,-8,-8,4128,137.6,137.6,-8,NPA,6,-8,-9,-9,30000,5.1
825,Mozambique War of 1981-1992,4,4,541,Mozambique,RENAMO,1,4,10,1981,10,4,1992,-8,-8,-8,-8,-8,-8,-8,-8,-8,-8,-8,-8,-8,-8,-8,-8,-8,-8,4135,137.83,514.5,-8,RENAMO,1,-8,-9,-9,20560,5.1
826,Tigrean & Eritrean War of 1982-1991,4,5,530,Ethiopia,TPLF & EPLF,0,1,23,1982,5,28,1991,-8,-8,-8,-8,-8,-8,-8,-8,-8,-8,-8,-8,-8,-8,-8,-8,-8,-8,3366,112.2,112.2,-8,TPLF & EPLF,2,-8,153500,80000,235500,5.1
826.5,Hama Uprising of 1982,5,4,652,Syria,Muslim Brotherhood,0,2,3,1982,2,28,1982,-8,-8,-8,-8,-8,-8,-8,-8,-8,-8,-8,-8,-8,-8,-8,-8,-8,-8,26,0.87,0.87,-8,Muslim Brotherhood,1,-8,1000,2000,3000,5.1
828,Contra War of 1982-1988,1,4,93,Nicaragua,Contras,0,3,14,1982,3,23,1988,-8,-8,-8,-8,-8,-8,-8,-8,-8,-8,-8,-8,-8,-8,-8,-8,-8,-8,2170,72.33,72.33,-8,Contras,3,-8,7150,25250,32400,5.1
828.3,Uganda-NRA War of 1982-1986,4,4,500,Uganda,NRA,0,6,-9,1982,3,19,1986,-8,-8,-8,-8,-8,-8,-8,-8,-8,-8,-8,-8,-8,-8,-8,-8,-8,-8,1355,45.17,45.17,-8,NRA,2,-8,39516,6000,45516,5.1
829,Shining Path War of 1982-1992,2,4,135,Peru,Shining Path,0,11,28,1982,9,12,1992,-8,-8,-8,-8,-8,-8,-8,-8,-8,-8,-8,-8,-8,-8,-8,-8,-8,-8,3525,117.5,117.5,-8,Shining Path,1,-8,2242,10466,12708,5.1
833,Fourth Lebanese War of 1983-1984,5,4,660,Lebanon,Shi'ites and Druzes,1,4,18,1983,2,29,1984,-8,-8,-8,-8,-8,-8,-8,-8,-8,-8,-8,-8,-8,-8,-8,-8,-8,-8,312,10.4,46.77,-8,Hezbollah,2,-8,-9,-9,1368,5.1
834,Second South Sudan War of 1983-2002,5,4,625,Sudan,SPLA-Garang faction,1,5,17,1983,9,10,1991,3,9,1992,10,15,2002,-8,-8,-8,-8,-8,-8,-8,-8,-8,-8,-8,-8,6811,227.03,291.73,-8,105th Batallion,3,-8,-9,-9,100000,5.1
835,First Sri Lanka Tamil War of 1983-1987,6,5,780,Sri Lanka,Tamil Rebels,0,7,23,1983,6,18,1985,8,16,1985,10,14,1987,-8,-8,-8,-8,-8,-8,-8,-8,-8,-8,-8,-8,1464,48.8,48.83,-8,LTTE,4,476.6,1000,3000,4000,5.1
837,Indian Golden Temple War of 1984,6,5,750,India,Sikh Rebels,0,6,1,1984,7,30,1984,-8,-8,-8,-8,-8,-8,-8,-8,-8,-8,-8,-8,-8,-8,-8,-8,-8,-8,60,2,2,-8,India,1,-8,250,750,1000,5.1
838, First Turkish Kurds War of 1984-1986,5,5,640,Turkey,PKK,0,8,14,1984,3,28,1986,-8,-8,-8,-8,-8,-8,-8,-8,-8,-8,-8,-8,-8,-8,-8,-8,-8,-8,585,19.5,19.5,-8,PKK,7,-8,-9,-9,1600,5.1
840,Fifth Iraqi  Kurds War of 1985-1988,5,5,645,Iraq,Kurds,1,1,-9,1985,8,28,1988,-8,-8,-8,-8,-8,-8,-8,-8,-8,-8,-8,-8,-8,-8,-8,-8,-8,-8,1304,43.47,86.67,-8,Iraq,1,-8,-9,-9,4000,5.1
842,South Yemen War of 1986,5,4,680,Yemen People's Republic,Leftist Factions,0,1,13,1986,2,1,1986,-8,-8,-8,-8,-8,-8,-8,-8,-8,-8,-8,-8,-8,-8,-8,-8,-8,-8,19,0.63,0.63,-8,YPR,2,-8,-9,-9,4000,5.1
843,Holy Spirit Movement War of 1986-1987,4,4,500,Uganda,HSMF,0,10,19,1986,11,4,1987,-8,-8,-8,-8,-8,-8,-8,-8,-8,-8,-8,-8,-8,-8,-8,-8,-8,-8,376,12.53,12.53,-8,HSMF,1,-8,2000,5000,7000,5.1
845,Second Sri Lanka-JVP War of 1987-1989,6,4,780,Sri Lanka,JVP,0,7,29,1987,12,28,1989,-8,-8,-8,-8,-8,-8,-8,-8,-8,-8,-8,-8,-8,-8,-8,-8,-8,-8,870,29,29,-8,JVP,1,-8,551,9449,10000,5.1
845.5,Fourth Guatemala of 1987 to 1990,1,4,90,Guatemala,Leftists,0,9,-9,1987,9,-9,1990,-8,-8,-8,-8,-8,-8,-8,-8,-8,-8,-8,-8,-8,-8,-8,-8,-8,-8,1081,36.03,36.03,-8,Guatemala,1,-8,3000,6000,9000,5.1
846,Inkatha-ANC War of 1987-1994,4,7,-8,Inkatha,ANC,0,12,20,1987,4,26,1994,-8,-8,-8,-8,-8,-8,-8,-8,-8,-8,-8,-8,-8,-8,-8,-8,-8,-8,2287,76.23,76.23,-8,Inkatha,6,-8,-9,-9,13000,5.1
848,First Somalia War of 1988-1991,4,4,520,Somalia,SNM,0,5,26,1988,1,26,1991,-8,-8,-8,-8,-8,-8,-8,-8,-8,-8,-8,-8,-8,-8,-8,-8,-8,-8,961,32.03,32.03,-8,SNM,2,-8,-9,-9,25000,5.1
849,FARC/ELN War of 1988-present,2,4,100,Colombia,Leftist Rebels and Drug Cartels,0,8,23,1988,-7,-7,-7,-8,-8,-8,-8,-8,-8,-8,-8,-8,-8,-8,-8,-8,-8,-8,-8,-8,-8,9688,322.93,322.93,-8,Leftist Rebels and Drug Cartels,5,-8,12825,23463,36288,5.1
850,Fifth Lebanese War of 1989-1990,5,4,660,Lebanon,Lahoud Faction,1,2,14,1989,10,13,1990,-8,-8,-8,-8,-8,-8,-8,-8,-8,-8,-8,-8,-8,-8,-8,-8,-8,-8,600,20,34.13,-8,Lebanon,2,-8,-9,-9,2400,5.1
851,Second Afghan Civil War of 1989-1992,6,4,700,Afghanistan,Mujahideen,0,2,16,1989,4,15,1992,-8,-8,-8,-8,-8,-8,-8,-8,-8,-8,-8,-8,-8,-8,-8,-8,-8,-8,1140,38,38,476,Mujahideen,2,-8,-9,-9,40000,5.1
852,Chad - Deby War of 1989-1990,4,4,483,Chad,April 1 Movement,0,4,1,1989,12,2,1990,-8,-8,-8,-8,-8,-8,-8,-8,-8,-8,-8,-8,-8,-8,-8,-8,-8,-8,602,20.07,20.07,-8,April 1 Movement,2,-8,3000,800,3800,5.1
853,Punjab Rebellion of 1989-1993,6,5,750,India,Sikh Guerillas,0,7,1,1989,6,30,1993,-8,-8,-8,-8,-8,-8,-8,-8,-8,-8,-8,-8,-8,-8,-8,-8,-8,-8,1440,48,48,-8,Sikh Guerrillas,1,-8,1500,6000,7500,5.1
854,Second Khmer Rouge War of 1989-1991,6,4,811,Kampuchea,Khmer Rouge & KPNFL,0,9,26,1989,10,23,1991,-8,-8,-8,-8,-8,-8,-8,-8,-8,-8,-8,-8,-8,-8,-8,-8,-8,-8,748,24.93,24.93,475,Khmer Rouge & KPNFL,3,-8,-9,-9,2100,5.1
856,Romanian War of 1989,3,4,360,Romania,National Salvation Front,0,12,18,1989,12,26,1989,-8,-8,-8,-8,-8,-8,-8,-8,-8,-8,-8,-8,-8,-8,-8,-8,-8,-8,9,0.3,0.3,-8,National Salvation Front,2,-8,-9,-9,1000,5.1
857,First Liberian War of 1989-1990,4,4,450,Liberia,NPFL and INPFL,1,12,24,1989,11,28,1990,-8,-8,-8,-8,-8,-8,-8,-8,-8,-8,-8,-8,-8,-8,-8,-8,-8,-8,335,11.17,17.97,-8,NPFL,3,-8,-9,-9,3000,5.1
858,First Aceh War of 1990-1991,6,5,850,Indonesia,GAM,0,4,-9,1990,7,-9,1991,-8,-8,-8,-8,-8,-8,-8,-8,-8,-8,-8,-8,-8,-8,-8,-8,-8,-8,451,15.03,15.03,-8,GAM,7,-8,-9,-9,1500,5.1
859,Second Sri Lanka Tamil War of 1990-2001,6,5,780,Sri Lanka,LTTE,0,6,11,1990,10,13,1994,4,19,1995,12,24,2001,-8,-8,-8,-8,-8,-8,-8,-8,-8,-8,-8,-8,3969,132.3,132.33,-8,LTTE,3,-8,-9,-9,70000,5.1
860,Bougainville Secessionist War of 1990-1991,6,5,910,Papua New Guinea,BRA,0,9,22,1990,1,24,1991,6,-9,1991,12,-9,1991,-8,-8,-8,-8,-8,-8,-8,-8,-8,-8,-8,-8,304,10.13,10.13,-8,Papua New Guinea,7,-8,-9,-9,1000,5.1
862,Iraqi Shiite Rebellion of 1991,5,4,645,Iraq,Shiites and SAIRI,0,3,2,1991,3,31,1991,-8,-8,-8,-8,-8,-8,-8,-8,-8,-8,-8,-8,-8,-8,-8,-8,-8,-8,30,1,1,-8,Shiites,1,-8,-9,-9,1000,5.1
862.1,Sixth Iraqi Kurds War of 1991,5,5,645,Iraq,Kurds,0,3,4,1991,10,20,1991,-8,-8,-8,-8,-8,-8,-8,-8,-8,-8,-8,-8,-8,-8,-8,-8,-8,-8,227,7.57,7.57,-8,KDP,6,-8,-9,-9,4000,5.1
863,First Sierra Leone War of 1991-1996,4,4,451,Sierra Leone,RUF,1,3,23,1991,4,23,1996,-8,-8,-8,-8,-8,-8,-8,-8,-8,-8,-8,-8,-8,-8,-8,-8,-8,-8,1831,61.03,120.33,-8,RUF,3,-8,-9,-9,7500,5.1
864,Croatian Independence War of 1991-1992,3,5,345,Yugoslavia,Croatia,0,5,2,1991,1,2,1992,-8,-8,-8,-8,-8,-8,-8,-8,-8,-8,-8,-8,-8,-8,-8,-8,-8,-8,241,8.03,8.03,-8,Yugoslavia,2,-8,-9,-9,3000,5.1
865,Turkey-PKK War of 1991-1999,5,5,640,Turkey,Kurds,0,7,10,1991,11,27,1999,-8,-8,-8,-8,-8,-8,-8,-8,-8,-8,-8,-8,-8,-8,-8,-8,-8,-8,3018,100.6,100.6,-8,Turkey,1,-8,4819,23238,28057,5.1
865.8,Second Somalia War of 1991-1997,4,4,520,Somalia,Pro-Aideed Alliance,1,9,3,1991,12,22,1997,-8,-8,-8,-8,-8,-8,-8,-8,-8,-8,-8,-8,-8,-8,-8,-8,-8,-8,2270,75.67,171.03,-8,Pro-Aideed Faction,6,-8,-9,-9,32070,5.1
866,SPLM/A Division (Dinka-Nuer) War of 1991-1992,5,7,-8,SPLA-Garang,SPLA-Nasir and Anya Nya II,0,9,11,1991,3,8,1992,-8,-8,-8,-8,-8,-8,-8,-8,-8,-8,-8,-8,-8,-8,-8,-8,-8,-8,178,5.93,5.93,-8,SPLA-Nasir,7,-8,-9,-9,1200,5.1
868,Jukun - Tiv War of 1991-1992,4,7,-8,Jukun,Tiv,0,10,-9,1991,3,-9,1992,-8,-8,-8,-8,-8,-8,-8,-8,-8,-8,-8,-8,-8,-8,-8,-8,-8,-8,151,5.03,5.03,-8,-9,6,-8,-9,-9,1000,5.1
871,Georgia War of 1991-1993,3,4,372,Georgia,Reform Movement,0,12,26,1991,12,31,1993,-8,-8,-8,-8,-8,-8,-8,-8,-8,-8,-8,-8,-8,-8,-8,-8,-8,-8,726,24.2,24.2,-8,Reform Movement,2,-8,-9,-9,5000,5.1
872,Nagorno-Karabakh War of 1991-1993,3,5,373,Azerbaijan,Nagorno-Karabakh,1,12,26,1991,2,5,1993,-8,-8,-8,-8,-8,-8,-8,-8,-8,-8,-8,-8,-8,-8,-8,-8,-8,-8,400,13.33,26.67,-8,Nagorno-Karabakh,4,216,4000,3000,7000,5.1
873,Dniestrian Independence War of 1991-1992,3,5,359,Moldova,Dniestria,1,12,26,1991,7,2,1992,-8,-8,-8,-8,-8,-8,-8,-8,-8,-8,-8,-8,-8,-8,-8,-8,-8,-8,187,6.23,12.47,-8,Moldova,3,-8,-9,-9,1000,5.1
874,Kashmir Insurgency of 1992-2005,6,5,750,India,Kashmiri Guerillas,0,1,1,1992,12,31,2005,-8,-8,-8,-8,-8,-8,-8,-8,-8,-8,-8,-8,-8,-8,-8,-8,-8,-8,5041,168.03,168.03,-8,IKLF,7,-8,5000,18476,23476,5.1
874.5,First Somaliland War of 1992,4,7,-8,Tur Loyalists,Other Clan Militias,0,1,-9,1992,8,-9,1992,-8,-8,-8,-8,-8,-8,-8,-8,-8,-8,-8,-8,-8,-8,-8,-8,-8,-8,211,7.03,7.03,-8,Tur Loyalists,3,-8,-9,-9,1300,5.1
875,Algeria's Islamic Front War of 1992-2002,5,4,615,Algeria,Islamic Front,0,2,8,1992,-9,-9,2002,-8,-8,-8,-8,-8,-8,-8,-8,-8,-8,-8,-8,-8,-8,-8,-8,-8,-8,3728,124.27,124.27,-8,Islamic Front,7,-8,5000,15200,25200,5.1
876,Tajikistan War of 1992-1997,6,4,702,Tajikistan,United Tajik Opposition,1,5,6,1992,6,27,1997,-8,-8,-8,-8,-8,-8,-8,-8,-8,-8,-8,-8,-8,-8,-8,-8,-8,-8,1852,61.73,113.17,-8,Hezb-e Nahzat-e Islami,3,-8,-9,-9,10000,5.1
877,Bosnian-Serb Rebellion of 1992-1995,3,5,346,Bosnia,Bosnian Serbs,1,6,6,1992,12,31,1994,3,20,1995,12,14,1995,-8,-8,-8,-8,-8,-8,-8,-8,-8,-8,-8,-8,1191,39.7,75.67,215,Bosnian Serbs,1,-8,34216,14737,48953,5.1
877.5,Afghanistan Post-Communist War of 1992-2001,6,4,700,Afghanistan,Mujahideen,0,6,28,1992,10,6,2001,-8,-8,-8,-8,-8,-8,-8,-8,-8,-8,-8,-8,-8,-8,-8,-8,-8,-8,3339,111.3,111.3,-8,Islamic Party,4,225,-9,-9,40000,5.1
878,Abkhazia Revolt of 1992-1994,3,5,372,Georgia,Abkhazia,1,8,18,1992,7,27,1993,9,27,1993,4,14,1994,-8,-8,-8,-8,-8,-8,-8,-8,-8,-8,-8,-8,538,17.93,33.97,-8,Georgia,2,-8,5000,3000,8046,5.1
879,Second Liberian War of 1992-1996,4,4,450,Liberia,NPFL,1,10,15,1992,8,19,1995,4,5,1996,8,20,1996,-8,-8,-8,-8,-8,-8,-8,-8,-8,-8,-8,-8,1161,38.7,190.5,-8,NPFL & ULIMO,3,-8,-9,-9,12750,5.1
880,Angolan War of the Cities of 1992-1994,4,4,540,Angola,UNITA,0,10,28,1992,11,15,1994,-8,-8,-8,-8,-8,-8,-8,-8,-8,-8,-8,-8,-8,-8,-8,-8,-8,-8,738,24.6,24.6,-8,UNITA,3,-8,-9,-9,50000,5.1
881,Third Khmer Rouge War of 1993-1998,6,4,811,Cambodia,Khmer Rouge,0,1,1,1993,3,26,1998,-8,-8,-8,-8,-8,-8,-8,-8,-8,-8,-8,-8,-8,-8,-8,-8,-8,-8,1886,62.87,62.87,-8,Cambodia,1,-8,-9,-9,10000,5.1
882,Masisi War of 1993,4,7,-8,Banyarwanda Militia,Bangilima Militia,0,3,20,1993,7,-9,1993,-8,-8,-8,-8,-8,-8,-8,-8,-8,-8,-8,-8,-8,-8,-8,-8,-8,-8,116,3.87,3.87,-8,Bangilima Militia,6,-8,1750,1750,3500,5.1
883,Second Burundi War of 1993-1998,4,4,516,Burundi,Tutsi ,0,10,21,1993,7,20,1998,-8,-8,-8,-8,-8,-8,-8,-8,-8,-8,-8,-8,-8,-8,-8,-8,-8,-8,1710,57,57,-8,Tutsi,7,-8,-9,-9,5000,5.1
885,South Yemeni Secessionist Revolt of 1994,5,5,679,Yemen,South Yemen,0,2,21,1994,7,7,1994,-8,-8,-8,-8,-8,-8,-8,-8,-8,-8,-8,-8,-8,-8,-8,-8,-8,-8,137,4.57,4.57,-8,Yemen,1,-8,1226,1774,3000,5.1
886,Second Rwanda War of 1994,4,4,517,Rwanda,RPF,0,4,6,1994,7,18,1994,-8,-8,-8,-8,-8,-8,-8,-8,-8,-8,-8,-8,-8,-8,-8,-8,-8,-8,103,3.43,3.43,-8,Rwanda,2,-8,-9,-9,1000,5.1
887,First Iraqi Kurds Internecine War of 1994-1995,5,7,-8,PUK,KDP and IMK,0,5,1,1994,4,-9,1995,7,-9,1995,8,11,1995,-8,-8,-8,-8,-8,-8,-8,-8,-8,-8,-8,-8,372,12.4,12.4,-8,IMK,6,-8,-9,-9,1500,5.1
887.5,Second Somaliland War of 1994 to 1995,4,7,-8,Somaliland,Garhaji Militias ,0,10,16,1994,4,-9,1995,-8,-8,-8,-8,-8,-8,-8,-8,-8,-8,-8,-8,-8,-8,-8,-8,-8,-8,180,6,6,-8,Somaliland,6,-8,-9,-9,3000,5.1
888,First Chechnya War of 1994-1996,3,5,365,Russia,Chechnya,0,12,11,1994,8,31,1996,-8,-8,-8,-8,-8,-8,-8,-8,-8,-8,-8,-8,-8,-8,-8,-8,-8,-8,621,20.7,20.7,-8,Chechnya,2,-8,4000,6000,10000,5.1
891,Croatia-Krajina War of 1995,3,5,344,Croatia,Krajinia Serbs,0,5,-9,1995,11,-9,1995,-8,-8,-8,-8,-8,-8,-8,-8,-8,-8,-8,-8,-8,-8,-8,-8,-8,-8,181,6.03,6.03,-8,Krajinia Serba,1,-8,-9,-9,1000,5.1
893,Seventh Iraqi Kurds War of 1996,5,5,645,Iraq,PUK and INC,0,8,31,1996,10,23,1996,-8,-8,-8,-8,-8,-8,-8,-8,-8,-8,-8,-8,-8,-8,-8,-8,-8,-8,54,1.8,1.8,-8,Iraq and KDP,6,-8,-9,-9,1000,5.1
895,Zaire - AFDL War of 1996-1997,4,4,490,Zaire,AFDL Coalition,1,10,8,1996,5,15,1997,-8,-8,-8,-8,-8,-8,-8,-8,-8,-8,-8,-8,-8,-8,-8,-8,-8,-8,218,7.27,23.57,-8,ADFL,2,-8,-9,-9,4000,5.1
896,Third Rwanda War of 1997-1998,4,4,517,Rwanda,ALiR,0,3,17,1997,10,30,1998,-8,-8,-8,-8,-8,-8,-8,-8,-8,-8,-8,-8,-8,-8,-8,-8,-8,-8,584,19.47,19.47,-8,ALiR,1,-8,300,3000,3300,5.1
897,First Congo-Brazzaville War of 1997,4,4,484,Republic of the Congo,Cobra Militia,1,6,5,1997,10,14,1997,-8,-8,-8,-8,-8,-8,-8,-8,-8,-8,-8,-8,-8,-8,-8,-8,-8,-8,130,4.33,4.5,-8,Republic of the Congo,2,-8,-9,-9,1000,5.1
897.5,Second Iraqi Kurds Internecine War of 1997,5,7,-8,PUK,KDP,0,10,13,1997,11,25,1997,-8,-8,-8,-8,-8,-8,-8,-8,-8,-8,-8,-8,-8,-8,-8,-8,-8,-8,43,1.43,1.43,-8,PUK,6,-8,-9,-9,1200,5.1
898,Second Sierra Leone War of 1998-2000,4,4,451,Sierra Leone,Kabbah Faction,1,2,6,1998,7,7,1999,5,-9,2000,11,10,2000,-8,-8,-8,-8,-8,-8,-8,-8,-8,-8,-8,-8,688,22.93,98.23,-8,Kabbah Faction,2,-8,-9,-9,2500,5.1
900,Kosovo Independence War of 1998-1999,3,5,345,Yugoslavia,Kosovo,0,2,28,1998,3,23,1999,-8,-8,-8,-8,-8,-8,-8,-8,-8,-8,-8,-8,-8,-8,-8,-8,-8,-8,384,12.8,12.8,-8,Yugoslavia,4,221,400,800,1200,5.1
902,Guinea-Bissau Military War of 1998-1999,4,4,404,Guinea-Bissau,Mane Junta,1,6,7,1998,8,26,1998,10,17,1998,11,1,1998,2,3,1999,2,17,1999,5,8,1999,5,10,1999,113,3.77,13.3,-8,Mané Junta,2,-8,-9,-9,2000,5.1
905,Africa's World War of 1998-2002,4,4,490,Democratic Republic of the Congo,RCD and MLC,1,8,2,1998,12,17,2002,-8,-8,-8,-8,-8,-8,-8,-8,-8,-8,-8,-8,-8,-8,-8,-8,-8,-8,1576,52.53,435.67,-8,RCD,3,-8,-9,-9,145000,5.1
906,Chad-Togoimi Revolt of 1998-2000,4,4,483,Chad,MDD & MDJT,0,10,16,1998,12,29,2000,-8,-8,-8,-8,-8,-8,-8,-8,-8,-8,-8,-8,-8,-8,-8,-8,-8,-8,794,26.47,26.47,-8, MDJT,7,-8,-9,-9,1800,5.1
907,Third Angolan War of 1998-2002,4,4,540,Angola,UNITA,1,12,4,1998,2,22,2002,-8,-8,-8,-8,-8,-8,-8,-8,-8,-8,-8,-8,-8,-8,-8,-8,-8,-8,1159,38.63,70.9,-8,Angola,1,-8,-9,-9,9600,5.1
908,Second Congo-Brazzaville War of 1998-1999,4,4,484,Republic of the Congo,Ninjas and Cocoye militias,1,12,15,1998,11,16,1999,-8,-8,-8,-8,-8,-8,-8,-8,-8,-8,-8,-8,-8,-8,-8,-8,-8,-8,332,11.07,22.13,-8,Ninjas and Cocoye militias,1,-8,-9,-9,2500,5.1
910,Maluku War of 1999-2002,6,7,-8,Laskar Jihad,Christian militia,0,1,19,1999,2,12,2002,-8,-8,-8,-8,-8,-8,-8,-8,-8,-8,-8,-8,-8,-8,-8,-8,-8,-8,1104,36.8,36.8,-8,Christian militia,3,-8,3000,2000,5000,5.1
912,Second Aceh War of 1999-2004,6,5,850,Indonesia,GAM,0,5,31,1999,12,9,2002,5,19,2003,12,26,2004,-8,-8,-8,-8,-8,-8,-8,-8,-8,-8,-8,-8,1848,61.6,61.6,-8,GAM,3,-8,-9,-9,5500,5.1
913,Oromo Liberation War of 1999,4,5,530,Ethiopia,OLF,0,5,30,1999,8,18,1999,-8,-8,-8,-8,-8,-8,-8,-8,-8,-8,-8,-8,-8,-8,-8,-8,-8,-8,79,2.63,2.63,-8,OLF,7,-8,200,800,1000,5.1
915,Second Chechen War of 1999-2003,3,5,365,Russia,Chechen Rebels,0,8,7,1999,10,3,2003,-8,-8,-8,-8,-8,-8,-8,-8,-8,-8,-8,-8,-8,-8,-8,-8,-8,-8,1497,49.9,49.9,-8,Cechnya,1,-8,5000,3000,8000,5.1
916,Second Philippine-Moro War of 2000-2001,6,5,840,Philippines,MILF & ASG,0,2,16,2000,6,22,2001,-8,-8,-8,-8,-8,-8,-8,-8,-8,-8,-8,-8,-8,-8,-8,-8,-8,-8,487,16.23,16.23,-8,Phillippines,3,-8,500,1500,2000,5.1
917,Guinean War of 2000-2001,4,4,438,Guinea,RDFG,0,9,2,2000,5,8,2001,-8,-8,-8,-8,-8,-8,-8,-8,-8,-8,-8,-8,-8,-8,-8,-8,-8,-8,247,8.23,8.23,-8,RDFG,6,-8,-9,-9,1000,5.1
918,Third Burundi War of 2001-2003,4,4,516,Burundi,FNL and FDD,1,2,8,2001,10,8,2003,-8,-8,-8,-8,-8,-8,-8,-8,-8,-8,-8,-8,-8,-8,-8,-8,-8,-8,961,32.03,64.07,-8,FNL,3,-8,150,3000,3150,5.1
920,Fourth Rwanda War of 2001,4,4,517,Rwanda,ALiR,0,5,21,2001,9,4,2001,-8,-8,-8,-8,-8,-8,-8,-8,-8,-8,-8,-8,-8,-8,-8,-8,-8,-8,104,3.47,3.47,-8,ALIR,1,-8,-9,-9,1000,5.1
921,Nepal Maoist Insurgency of 2001-2006,6,4,790,Nepal,MPLA,0,11,23,2001,1,29,2003,8,27,2003,4,27,2006,-8,-8,-8,-8,-8,-8,-8,-8,-8,-8,-8,-8,1388,46.27,46.27,-8,MPLA,3,-8,2000,4000,6000,5.1
922,Liberia-LURD War of 2002-2003,4,4,450,Liberia,LURD and MODEL,0,5,-9,2002,8,4,2003,-8,-8,-8,-8,-8,-8,-8,-8,-8,-8,-8,-8,-8,-8,-8,-8,-8,-8,440,14.67,14.67,-8,LURD,2,-8,-9,-9,3000,5.1
925,Cote d'Ivoire Military War of 2002-2003,4,4,437,Cote d'Ivoire,New Forces,1,9,19,2002,10,17,2002,11,27,2002,5,3,2003,-8,-8,-8,-8,-8,-8,-8,-8,-8,-8,-8,-8,186,6.2,9.33,-8,MPCI,3,-8,-9,-8,3000,5.1
926,Third Philippine-Moro War of 2003,6,5,840,Philippines,MILF & ASG,0,2,11,2003,7,19,2003,-8,-8,-8,-8,-8,-8,-8,-8,-8,-8,-8,-8,-8,-8,-8,-8,-8,-8,159,5.3,5.3,-8,Phillippines,6,-8,400,600,1000,5.1
927,Darfur Rebellion of 2003-2006,5,5,625,Sudan,SLA & JEM,0,2,26,2003,10,14,2006,-8,-8,-8,-8,-8,-8,-8,-8,-8,-8,-8,-8,-8,-8,-8,-8,-8,-8,1309,43.63,43.63,-8,SLA,7,-8,-9,-9,10000,5.1
932,First Waziristan War of 2004-2006,6,5,770,Pakistan,Waziri tribes,1,2,24,2004,2,7,2005,7,27,2005,6,25,2006,-8,-8,-8,-8,-8,-8,-8,-8,-8,-8,-8,-8,673,22.43,28.07,-8,Pakistan,3,-8,1200,1800,3000,5.1
933,Second Nigeria Christian - Muslim War of 2004,4,7,-8,Christian Tarok,Muslim Fulani,0,3,-9,2004,9,16,2004,-8,-8,-8,-8,-8,-8,-8,-8,-8,-8,-8,-8,-8,-8,-8,-8,-8,-8,182,6.07,6.07,-8,Muslim Fulani,6,-8,-9,-9,1650,5.1
935,First Al-Houthi Rebellion of 2004-2005,5,4,679,Yemen,Houthi Rebels,0,6,20,2004,4,8,2005,-8,-8,-8,-8,-8,-8,-8,-8,-8,-8,-8,-8,-8,-8,-8,-8,-8,-8,289,9.63,9.63,-8,Yemen,1,-8,300,700,1000,5.1
936,Second Philippine - NPA War of 2005-2006,6,4,840,Philippines,NPA,0,1,1,2005,12,31,2006,-8,-8,-8,-8,-8,-8,-8,-8,-8,-8,-8,-8,-8,-8,-8,-8,-8,-8,721,24.03,24.03,-8,Phillippines,7,-8,672,2655,3327,5.1
937,Chad-United Opposition War of 2005-2008,4,4,483,Chad,United Opposition,1,12,18,2005,12,12,2006,11,26,2007,2,3,2008,-8,-8,-8,-8,-8,-8,-8,-8,-8,-8,-8,-8,422,14.07,24.37,-8,United Opposition,7,-8,-9,-9,2500,5.1
940,Third Sri Lanka Tamil War of 2006-2009,6,5,780,Sri Lanka,LTTE,0,7,21,2006,5,17,2009,-8,-8,-8,-8,-8,-8,-8,-8,-8,-8,-8,-8,-8,-8,-8,-8,-8,-8,1017,33.9,33.9,-8,Sri Lanka,1,-8,5750,14250,20000,5.1
940.8,Third Somalia War of 2006-2012,4,4,520,Somalia,ICU,1,12,20,2006,6,11,2008,2,8,2009,9,29,2012,-8,-8,-8,-8,-8,-8,-8,-8,-8,-8,-8,-8,1844,61.47,295.93,-8,ICU,1,-8,-9,-9,11816,5.1
941,Second Al-Houthi Rebellion of 2007-2008,5,4,679,Yemen,Houthi Rebels,0,1,29,2007,7,16,2008,-8,-8,-8,-8,-8,-8,-8,-8,-8,-8,-8,-8,-8,-8,-8,-8,-8,-8,528,17.6,17.6,-8,Houthi Rebels,6,-8,1850,1150,3000,5.1
942,Second Waziristan War of 2007-present,6,5,770,Pakistan,Taliban,1,7,3,2007,-7,-7,-7,-8,-8,-8,-8,-8,-8,-8,-8,-8,-8,-8,-8,-8,-8,-8,-8,-8,-8,3059,101.97,192.63,-8,Taliban,5,-8,5739,31246,36985,5.1
971,Iraqi Sunni Revolt of 2010-2014,5,4,645,Iraq,Sunni Rebels,1,9,1,2010,6,4,2014,-8,-8,-8,-8,-8,-8,-8,-8,-8,-8,-8,-8,-8,-8,-8,-8,-8,-8,1354,45.13,60.73,482,Sunni Rebels,4,485,8000,2500,10574,5.1
973,Second Cote d'Ivoire War of 2011,4,4,437,Cote d'Ivoire,New Forces,1,2,21,2011,4,11,2011,-8,-8,-8,-8,-8,-8,-8,-8,-8,-8,-8,-8,-8,-8,-8,-8,-8,-8,51,1.7,3.4,-8,Cote d'Ivoire,2,-8,-9,-9,1000,5.1
976,Libyan Civil War of 2011,5,4,620,Libya,NLA,1,2,18,2011,10,20,2011,-8,-8,-8,-8,-8,-8,-8,-8,-8,-8,-8,-8,-8,-8,-8,-8,-8,-8,243,8.1,50.57,-8,NLA,2,-8,4500,4500,9000,5.1
978,Sudan Revolutionary Front Rebellion of 2011-present,5,4,625,Sudan,SPLM-N,0,6,5,2011,-7,-7,-7,-8,-8,-8,-8,-8,-8,-8,-8,-8,-8,-8,-8,-8,-8,-8,-8,-8,-8,1130,37.67,37.67,-8,Sudan,5,-8,-9,-9,3500,5.1
979,Syrian Arab Spring War of 2011 to present,5,4,652,Syria,Syrian Rebel Groups,1,6,6,2011,-7,-7,-7,-8,-8,-8,-8,-8,-8,-8,-8,-8,-8,-8,-8,-8,-8,-8,-8,-8,-8,1645,54.83,58.27,-8,Syria,5,-8,70020,50000,120020,5.1
980,Kachin Rebellion of 2011-2013,6,5,775,Myanmar,KIA,0,6,9,2011,2,1,2013,-8,-8,-8,-8,-8,-8,-8,-8,-8,-8,-8,-8,-8,-8,-8,-8,-8,-8,593,19.77,19.77,-8,Myanmar,6,-8,850,850,1700,5.1
985,North Mali War of 2012-2013,4,5,432,Mali,Northern Opposition,1,1,16,2012,3,2,2013,-8,-8,-8,-8,-8,-8,-8,-8,-8,-8,-8,-8,-8,-8,-8,-8,-8,-8,407,13.57,17.57,-8,MNLA,1,-8,371,709,1080,5.1
990,Central African Republic War of 2012-2013,4,4,482,Central African Republic,Seleka,1,12,10,2012,3,25,2013,-8,-8,-8,-8,-8,-8,-8,-8,-8,-8,-8,-8,-8,-8,-8,-8,-8,-8,106,3.53,6.8,-8,Seleka,2,-8,-9,-9,1000,5.1
990.4,Boko Haram in Nigeria of 2013 - present,4,4,475,Nigeria,Boko Haram,1,5,7,2013,-7,-7,-7,-8,-8,-8,-8,-8,-8,-8,-8,-8,-8,-8,-8,-8,-8,-8,-8,-8,-8,955,31.83,93.1,-8,Boko Haram,5,-8,200,1600,1800,5.1
991,South Sudan War of 2013 to present,5,4,626,South Sudan,SPLM-IO,1,12,15,2013,-7,-7,-7,-8,-8,-8,-8,-8,-8,-8,-8,-8,-8,-8,-8,-8,-8,-8,-8,-8,-8,737,24.57,48.1,-8,South Sudan,5,-8,10680,-9,-9,5.1
991.4,Afghan-Taliban War of 2014-ongoing,6,4,700,Afghanistan,Taliban,1,1,1,2014,-7,-7,-7,-8,-8,-8,-8,-8,-8,-8,-8,-8,-8,-8,-8,-8,-8,-8,-8,-8,-8,721,24.03,48.07,481,Taliban,5,-8,-9,-9,-9,5.1
991.5,ISIS-al Nusra Front War of 2014,5,7,-8,Islamic State,Jabhat al-Nusra,0,1,-9,2014,6,4,2014,-8,-8,-8,-8,-8,-8,-8,-8,-8,-8,-8,-8,-8,-8,-8,-8,-8,-8,140,4.67,4.67,-8,Islamic State,4,485,-9,-9,5000,5.1
992,Third Al-Houthi Rebellion of 2014-present,5,4,679,Yemen,Ansar Allah,0,2,28,2014,-7,-7,-7,-8,-8,-8,-8,-8,-8,-8,-8,-8,-8,-8,-8,-8,-8,-8,-8,-8,-8,385,12.83,12.83,-8,Houthi Rebels,5,-8,600,4000,4600,5.1
992.5,Somali-Al-Shabaab war of 2014-present,4,4,520,Somalia,Al-Shabaab ,1,3,3,2014,-7,-7,-7,-8,-8,-8,-8,-8,-8,-8,-8,-8,-8,-8,-8,-8,-8,-8,-8,-8,-8,659,21.97,131.8,-8,Somalia,5,-8,-9,-9,-9,5.1
993,Donbas War of 2014-present,3,5,369,Ukraine and Russia,Separatists,1,4,15,2014,-7,-7,-7,-8,-8,-8,-8,-8,-8,-8,-8,-8,-8,-8,-8,-8,-8,-8,-8,-8,-8,493,16.43,28.77,-8,Separatists,5,-8,3245,2581,5826,5.1
994,Second Libyan Civil War of 2014-present,5,4,620,Libya,Libyan Dawn,0,5,16,2014,-7,-7,-7,-8,-8,-8,-8,-8,-8,-8,-8,-8,-8,-8,-8,-8,-8,-8,-8,-8,-8,570,19,19.07,-8,Libya,5,-8,-9,-9,1500,5.1
997,Rada'a War of 2014-present,5,7,-8,Houthi Rebels,AQAP,0,9,16,2014,-7,-7,-7,-8,-8,-8,-8,-8,-8,-8,-8,-8,-8,-8,-8,-8,-8,-8,-8,-8,-8,189,6.3,6.3,-8,Houthi Rebels,5,233,1000,350,1350,5.1
